,filename,leafing
0,0024a31f-d7eb-4df3-b03f-79ca438a9080_2019-05-31.png,100.0
1,0024a31f-d7eb-4df3-b03f-79ca438a9080_2022-07-27.png,100.0
2,0024a31f-d7eb-4df3-b03f-79ca438a9080_2022-11-24.png,100.0
3,0024a31f-d7eb-4df3-b03f-79ca438a9080_2023-09-12.png,100.0
4,0027e09f-ffc3-49d9-ac29-c0bc405951c3_2018-04-04.png,100.0
5,0027e09f-ffc3-49d9-ac29-c0bc405951c3_2018-04-25.png,100.0
6,0027e09f-ffc3-49d9-ac29-c0bc405951c3_2018-08-27.png,100.0
7,0027e09f-ffc3-49d9-ac29-c0bc405951c3_2019-04-24.png,100.0
8,0027e09f-ffc3-49d9-ac29-c0bc405951c3_2019-06-27.png,100.0
9,0027e09f-ffc3-49d9-ac29-c0bc405951c3_2020-09-21.png,100.0
10,0027e09f-ffc3-49d9-ac29-c0bc405951c3_2021-07-02.png,100.0
11,0027e09f-ffc3-49d9-ac29-c0bc405951c3_2022-10-27.png,100.0
12,0027e09f-ffc3-49d9-ac29-c0bc405951c3_2022-11-24.png,100.0
13,0027e09f-ffc3-49d9-ac29-c0bc405951c3_2023-03-28.png,100.0
14,0027e09f-ffc3-49d9-ac29-c0bc405951c3_2023-04-04.png,100.0
15,0027e09f-ffc3-49d9-ac29-c0bc405951c3_2023-05-02.png,100.0
16,0027e09f-ffc3-49d9-ac29-c0bc405951c3_2023-05-23.png,100.0
17,0027e09f-ffc3-49d9-ac29-c0bc405951c3_2023-06-13.png,100.0
18,0027e09f-ffc3-49d9-ac29-c0bc405951c3_2023-06-27.png,100.0
19,0027e09f-ffc3-49d9-ac29-c0bc405951c3_2023-10-31.png,100.0
20,0027e09f-ffc3-49d9-ac29-c0bc405951c3_2024-02-15.png,100.0
21,00c89fbf-c3b5-479a-a0bc-d34bbd659334_2021-08-25.png,100.0
22,00d26dfc-b0c9-4381-8732-af1f08c8a68e_2022-07-27.png,100.0
23,00d26dfc-b0c9-4381-8732-af1f08c8a68e_2023-06-27.png,100.0
24,01899a37-f35f-4410-9107-6876d3377460_2023-03-21.png,100.0
25,01a6cd45-e220-4bfe-a71d-13f54d8072ec_2021-08-25.png,100.0
26,01a6cd45-e220-4bfe-a71d-13f54d8072ec_2022-04-27.png,100.0
27,01a6cd45-e220-4bfe-a71d-13f54d8072ec_2022-11-24.png,100.0
28,01a6cd45-e220-4bfe-a71d-13f54d8072ec_2023-09-19.png,100.0
29,01a6cd45-e220-4bfe-a71d-13f54d8072ec_2023-10-31.png,100.0
30,01a6cd45-e220-4bfe-a71d-13f54d8072ec_2023-11-27.png,100.0
31,01e9438c-e2c1-4138-8bb4-19beb620a7f0_2023-10-03.png,100.0
32,02627951-bdea-4eb6-9875-414a3b4956f3_2018-08-27.png,100.0
33,028a4d57-5938-4c78-8197-9b0a2a235c46_2023-04-04.png,100.0
34,03df93ce-5900-417f-899b-0bbad17c8599_2021-07-02.png,100.0
35,03df93ce-5900-417f-899b-0bbad17c8599_2023-06-13.png,100.0
36,03df93ce-5900-417f-899b-0bbad17c8599_2023-09-12.png,100.0
37,03df93ce-5900-417f-899b-0bbad17c8599_2023-09-19.png,100.0
38,03df93ce-5900-417f-899b-0bbad17c8599_2023-10-31.png,100.0
39,03e3899e-0c1e-4822-841c-7065f78fba2b_2018-04-04.png,100.0
40,03e3899e-0c1e-4822-841c-7065f78fba2b_2018-04-25.png,100.0
41,03e3899e-0c1e-4822-841c-7065f78fba2b_2023-05-23.png,95.0
42,03f69786-9e70-408a-a727-7ff0512d0551_2023-05-02.png,45.0
43,042dae66-5afa-484c-b622-63a898cfc0a9_2023-04-04.png,100.0
44,05349bf1-e177-489a-a404-e043dbe2060d_2018-05-23.png,100.0
45,05349bf1-e177-489a-a404-e043dbe2060d_2021-07-02.png,100.0
46,05349bf1-e177-489a-a404-e043dbe2060d_2023-04-04.png,25.0
47,05349bf1-e177-489a-a404-e043dbe2060d_2023-05-23.png,100.0
48,05349bf1-e177-489a-a404-e043dbe2060d_2023-06-13.png,100.0
49,05454b7d-96a8-433f-b960-f620f8dc134a_2022-12-28.png,100.0
50,06470e14-a7a9-4685-bdf0-14ee6307e7dc_2019-10-17.png,100.0
51,06470e14-a7a9-4685-bdf0-14ee6307e7dc_2022-11-24.png,0.0
52,06470e14-a7a9-4685-bdf0-14ee6307e7dc_2023-03-21.png,0.0
53,06470e14-a7a9-4685-bdf0-14ee6307e7dc_2023-03-28.png,0.0
54,06470e14-a7a9-4685-bdf0-14ee6307e7dc_2023-04-04.png,0.0
55,06470e14-a7a9-4685-bdf0-14ee6307e7dc_2023-10-31.png,5.0
56,06966454-7ca6-4168-9736-bd76ed153a9d_2019-06-27.png,100.0
57,06966454-7ca6-4168-9736-bd76ed153a9d_2023-04-04.png,80.0
58,06966454-7ca6-4168-9736-bd76ed153a9d_2023-05-02.png,100.0
59,06b1e9ec-291f-4534-9ed0-b309b0646b5d_2019-05-31.png,0.0
60,07229996-c4ee-4a89-b965-b388ae155457_2022-10-27.png,100.0
61,07229996-c4ee-4a89-b965-b388ae155457_2023-06-13.png,100.0
62,0732ecc5-a138-46a7-bf04-908e86f59c7f_2018-04-04.png,100.0
63,0732ecc5-a138-46a7-bf04-908e86f59c7f_2018-04-25.png,100.0
64,0732ecc5-a138-46a7-bf04-908e86f59c7f_2018-08-27.png,100.0
65,0732ecc5-a138-46a7-bf04-908e86f59c7f_2019-04-24.png,100.0
66,0732ecc5-a138-46a7-bf04-908e86f59c7f_2019-06-27.png,95.0
67,0732ecc5-a138-46a7-bf04-908e86f59c7f_2019-10-17.png,100.0
68,0732ecc5-a138-46a7-bf04-908e86f59c7f_2021-07-02.png,100.0
69,0732ecc5-a138-46a7-bf04-908e86f59c7f_2022-04-27.png,100.0
70,0732ecc5-a138-46a7-bf04-908e86f59c7f_2022-10-27.png,100.0
71,0732ecc5-a138-46a7-bf04-908e86f59c7f_2022-12-28.png,100.0
72,0732ecc5-a138-46a7-bf04-908e86f59c7f_2023-03-28.png,10.0
73,0732ecc5-a138-46a7-bf04-908e86f59c7f_2023-04-04.png,99.0
74,0732ecc5-a138-46a7-bf04-908e86f59c7f_2023-05-02.png,100.0
75,0732ecc5-a138-46a7-bf04-908e86f59c7f_2023-05-23.png,100.0
76,0732ecc5-a138-46a7-bf04-908e86f59c7f_2023-06-13.png,100.0
77,0732ecc5-a138-46a7-bf04-908e86f59c7f_2023-10-31.png,75.0
78,0732ecc5-a138-46a7-bf04-908e86f59c7f_2023-11-27.png,0.0
79,0732ecc5-a138-46a7-bf04-908e86f59c7f_2024-01-03.png,0.0
80,0732ecc5-a138-46a7-bf04-908e86f59c7f_2024-02-08.png,0.0
81,0732ecc5-a138-46a7-bf04-908e86f59c7f_2024-02-15.png,0.0
82,07479b00-d05e-4ac0-bebd-8066edef6278_2023-03-07.png,100.0
83,078e0ab3-42ac-4a64-b96b-09cdf590f024_2018-04-04.png,4.0
84,078e0ab3-42ac-4a64-b96b-09cdf590f024_2018-04-25.png,100.0
85,078e0ab3-42ac-4a64-b96b-09cdf590f024_2018-08-27.png,100.0
86,078e0ab3-42ac-4a64-b96b-09cdf590f024_2019-03-25.png,0.0
87,078e0ab3-42ac-4a64-b96b-09cdf590f024_2019-04-24.png,5.0
88,078e0ab3-42ac-4a64-b96b-09cdf590f024_2019-06-27.png,100.0
89,078e0ab3-42ac-4a64-b96b-09cdf590f024_2019-10-17.png,100.0
90,078e0ab3-42ac-4a64-b96b-09cdf590f024_2020-09-21.png,100.0
91,078e0ab3-42ac-4a64-b96b-09cdf590f024_2021-07-02.png,100.0
92,078e0ab3-42ac-4a64-b96b-09cdf590f024_2021-08-25.png,100.0
93,078e0ab3-42ac-4a64-b96b-09cdf590f024_2022-04-27.png,100.0
94,078e0ab3-42ac-4a64-b96b-09cdf590f024_2022-07-27.png,100.0
95,078e0ab3-42ac-4a64-b96b-09cdf590f024_2022-10-27.png,100.0
96,078e0ab3-42ac-4a64-b96b-09cdf590f024_2022-11-24.png,100.0
97,078e0ab3-42ac-4a64-b96b-09cdf590f024_2022-12-28.png,100.0
98,078e0ab3-42ac-4a64-b96b-09cdf590f024_2023-03-07.png,71.0
99,078e0ab3-42ac-4a64-b96b-09cdf590f024_2023-03-21.png,3.0
100,078e0ab3-42ac-4a64-b96b-09cdf590f024_2023-03-28.png,0.0
101,078e0ab3-42ac-4a64-b96b-09cdf590f024_2023-04-04.png,0.0
102,078e0ab3-42ac-4a64-b96b-09cdf590f024_2023-05-02.png,100.0
103,078e0ab3-42ac-4a64-b96b-09cdf590f024_2023-05-23.png,100.0
104,078e0ab3-42ac-4a64-b96b-09cdf590f024_2023-06-13.png,100.0
105,078e0ab3-42ac-4a64-b96b-09cdf590f024_2023-06-27.png,100.0
106,078e0ab3-42ac-4a64-b96b-09cdf590f024_2023-09-12.png,100.0
107,078e0ab3-42ac-4a64-b96b-09cdf590f024_2023-09-19.png,100.0
108,078e0ab3-42ac-4a64-b96b-09cdf590f024_2023-10-03.png,100.0
109,078e0ab3-42ac-4a64-b96b-09cdf590f024_2023-10-31.png,100.0
110,078e0ab3-42ac-4a64-b96b-09cdf590f024_2023-11-27.png,100.0
111,078e0ab3-42ac-4a64-b96b-09cdf590f024_2024-01-03.png,96.0
112,078e0ab3-42ac-4a64-b96b-09cdf590f024_2024-02-08.png,60.0
113,078e0ab3-42ac-4a64-b96b-09cdf590f024_2024-02-15.png,75.0
114,07b1099c-e778-4dce-b3c8-14ad27373550_2018-04-25.png,100.0
115,07b1099c-e778-4dce-b3c8-14ad27373550_2022-10-27.png,100.0
116,07b1099c-e778-4dce-b3c8-14ad27373550_2022-11-24.png,100.0
117,07b1099c-e778-4dce-b3c8-14ad27373550_2023-03-07.png,100.0
118,07b1099c-e778-4dce-b3c8-14ad27373550_2024-02-15.png,100.0
119,085ee4f5-18d0-4be4-b9b5-367f219b9022_2019-05-31.png,61.0
120,08805939-f289-4ba7-b40d-c37788fa9ff8_2018-04-25.png,100.0
121,08c4ec87-3de9-40d7-b64e-d3a85534739e_2022-03-30.png,0.0
122,08c4ec87-3de9-40d7-b64e-d3a85534739e_2022-04-27.png,0.0
123,08c4ec87-3de9-40d7-b64e-d3a85534739e_2022-12-28.png,0.0
124,09b02775-32a0-44eb-a2d1-d040417b86eb_2022-10-27.png,100.0
125,0a2ad212-6921-4f87-bdd6-454daf44b33f_2023-10-31.png,100.0
126,0a3817e8-3335-4508-be71-2bd98ce68dda_2022-07-27.png,100.0
127,0a3817e8-3335-4508-be71-2bd98ce68dda_2022-10-27.png,100.0
128,0a3817e8-3335-4508-be71-2bd98ce68dda_2023-05-02.png,100.0
129,0a3817e8-3335-4508-be71-2bd98ce68dda_2023-06-13.png,100.0
130,0a3817e8-3335-4508-be71-2bd98ce68dda_2023-09-19.png,100.0
131,0a3817e8-3335-4508-be71-2bd98ce68dda_2023-10-31.png,100.0
132,0a3817e8-3335-4508-be71-2bd98ce68dda_2024-02-08.png,100.0
133,0a3817e8-3335-4508-be71-2bd98ce68dda_2024-02-15.png,100.0
134,0b5c5a8f-4888-4e8d-ad00-4d7ea9988c80_2021-08-25.png,100.0
135,0d1c24b9-4f81-4cc5-bda7-91b228555612_2018-04-04.png,100.0
136,0d1c24b9-4f81-4cc5-bda7-91b228555612_2018-04-25.png,100.0
137,0d1c24b9-4f81-4cc5-bda7-91b228555612_2019-10-17.png,5.0
138,0d1c24b9-4f81-4cc5-bda7-91b228555612_2023-03-28.png,100.0
139,0d1c24b9-4f81-4cc5-bda7-91b228555612_2023-04-04.png,100.0
140,0d1c24b9-4f81-4cc5-bda7-91b228555612_2023-05-23.png,100.0
141,0d1c24b9-4f81-4cc5-bda7-91b228555612_2023-06-27.png,100.0
142,0d1c24b9-4f81-4cc5-bda7-91b228555612_2024-02-08.png,100.0
143,0d1c24b9-4f81-4cc5-bda7-91b228555612_2024-02-15.png,100.0
144,0e00b9db-e0d8-419f-94ba-8a57c52ce70b_2023-03-07.png,92.0
145,0e6d3e00-7797-46fb-b57c-039aca5ce308_2019-04-24.png,95.0
146,0e6d3e00-7797-46fb-b57c-039aca5ce308_2019-06-27.png,96.0
147,0e6d3e00-7797-46fb-b57c-039aca5ce308_2019-10-17.png,100.0
148,0e6d3e00-7797-46fb-b57c-039aca5ce308_2022-07-27.png,100.0
149,0e6d3e00-7797-46fb-b57c-039aca5ce308_2022-10-27.png,100.0
150,0e6d3e00-7797-46fb-b57c-039aca5ce308_2022-11-24.png,100.0
151,0e6d3e00-7797-46fb-b57c-039aca5ce308_2023-03-28.png,99.0
152,0e6d3e00-7797-46fb-b57c-039aca5ce308_2023-05-23.png,98.0
153,0e6d3e00-7797-46fb-b57c-039aca5ce308_2023-06-13.png,97.0
154,0e6d3e00-7797-46fb-b57c-039aca5ce308_2023-09-12.png,97.0
155,0e6d3e00-7797-46fb-b57c-039aca5ce308_2023-09-19.png,97.0
156,0e6d3e00-7797-46fb-b57c-039aca5ce308_2023-10-31.png,95.0
157,0e6d3e00-7797-46fb-b57c-039aca5ce308_2024-01-03.png,0.0
158,0e6d3e00-7797-46fb-b57c-039aca5ce308_2024-02-08.png,0.0
159,0e6d3e00-7797-46fb-b57c-039aca5ce308_2024-02-15.png,100.0
160,0eef7a3a-c17f-443b-bbc1-4bddfe4b4a7a_2022-10-27.png,100.0
161,0fae064a-282a-4ca5-ae26-2e31937efe07_2022-11-24.png,100.0
162,0fae064a-282a-4ca5-ae26-2e31937efe07_2022-12-28.png,100.0
163,0fae064a-282a-4ca5-ae26-2e31937efe07_2023-03-28.png,100.0
164,0fae064a-282a-4ca5-ae26-2e31937efe07_2023-04-04.png,100.0
165,0fae064a-282a-4ca5-ae26-2e31937efe07_2023-05-23.png,100.0
166,0fae064a-282a-4ca5-ae26-2e31937efe07_2023-06-13.png,30.0
167,10cb6ecb-bc70-45f7-b101-eaca8fb4d1a9_2019-05-31.png,80.0
168,10eb53e8-c12d-4bb2-8204-508dab1244d8_2023-09-12.png,85.0
169,10f7101d-c608-4bac-9916-af35de8d4712_2021-08-25.png,100.0
170,111d0312-ca7c-4c35-a3d2-9bbf416952e4_2019-05-31.png,100.0
171,11929b19-8bb8-4ea4-a0f0-8010fe06876b_2018-08-27.png,100.0
172,11929b19-8bb8-4ea4-a0f0-8010fe06876b_2023-10-03.png,100.0
173,12d17ac9-f1ef-4b77-a257-68bd0786abb4_2023-10-31.png,100.0
174,131edf4c-b018-40a7-a803-0c76df88dc1d_2018-04-25.png,0.0
175,131edf4c-b018-40a7-a803-0c76df88dc1d_2022-12-28.png,0.0
176,131edf4c-b018-40a7-a803-0c76df88dc1d_2023-05-23.png,5.0
177,131edf4c-b018-40a7-a803-0c76df88dc1d_2023-06-13.png,100.0
178,131edf4c-b018-40a7-a803-0c76df88dc1d_2024-02-15.png,0.0
179,14964099-6d66-43bc-a12f-67b31ffdc7c4_2023-05-02.png,100.0
180,14c7509c-1ea2-4d48-953e-cec5424e14b7_2019-06-27.png,100.0
181,14e76b01-5ac5-4361-874c-24e73fbb4ee6_2023-04-04.png,100.0
182,15cc9563-1165-4a21-ba46-028517cb4c72_2018-04-04.png,100.0
183,171af40a-2fab-4783-a657-f93ee86d7b42_2023-06-13.png,0.0
184,177da445-4523-4c2a-9750-d37379323041_2023-10-03.png,100.0
185,18448fe1-efa2-4fbc-89df-b915753ec64c_2023-10-31.png,100.0
186,19684285-5810-4def-9245-decd242f73bb_2022-07-27.png,100.0
187,1b2d824f-e332-48a7-900c-36972643cdc6_2018-04-04.png,100.0
188,1b2d824f-e332-48a7-900c-36972643cdc6_2018-04-25.png,100.0
189,1b2d824f-e332-48a7-900c-36972643cdc6_2020-09-21.png,100.0
190,1b2d824f-e332-48a7-900c-36972643cdc6_2022-10-27.png,100.0
191,1b2d824f-e332-48a7-900c-36972643cdc6_2022-11-24.png,100.0
192,1b2d824f-e332-48a7-900c-36972643cdc6_2023-03-21.png,100.0
193,1b2d824f-e332-48a7-900c-36972643cdc6_2023-03-28.png,100.0
194,1b2d824f-e332-48a7-900c-36972643cdc6_2023-04-04.png,100.0
195,1b2d824f-e332-48a7-900c-36972643cdc6_2023-05-23.png,100.0
196,1b2d824f-e332-48a7-900c-36972643cdc6_2023-06-13.png,100.0
197,1b2d824f-e332-48a7-900c-36972643cdc6_2023-09-12.png,100.0
198,1b2d824f-e332-48a7-900c-36972643cdc6_2023-10-31.png,100.0
199,1b2d824f-e332-48a7-900c-36972643cdc6_2024-02-15.png,0.0
200,1b4eefd0-4552-45de-89b1-f18de89ad486_2023-09-19.png,100.0
201,1c11ea21-4357-4c26-bfcb-3ff9d3e3d891_2022-04-27.png,0.0
202,1c37be2f-abc2-4a5d-b488-39f1a3ad540f_2021-07-02.png,100.0
203,1c37be2f-abc2-4a5d-b488-39f1a3ad540f_2022-11-24.png,100.0
204,1ca8e05b-fedf-4c65-9445-66f028d65389_2018-04-25.png,100.0
205,1ca8e05b-fedf-4c65-9445-66f028d65389_2019-10-17.png,100.0
207,1ca8e05b-fedf-4c65-9445-66f028d65389_2023-03-28.png,100.0
208,1ca8e05b-fedf-4c65-9445-66f028d65389_2023-04-04.png,100.0
209,1ca8e05b-fedf-4c65-9445-66f028d65389_2023-06-13.png,10.0
210,1ca8e05b-fedf-4c65-9445-66f028d65389_2023-09-19.png,100.0
211,1ca8e05b-fedf-4c65-9445-66f028d65389_2024-02-08.png,100.0
212,1dc4dc9a-4beb-4e3f-bfa5-42a6f781ec91_2018-04-25.png,10.0
213,1dc4dc9a-4beb-4e3f-bfa5-42a6f781ec91_2018-08-27.png,0.0
214,1de92be0-816a-4ef2-b9cd-5c449bbc9747_2023-10-31.png,100.0
215,1f5939de-5236-4321-bbf0-0f075e0a4ba2_2020-09-21.png,100.0
216,1f8c830c-0677-4d8c-91d6-381846a34ff0_2018-04-25.png,100.0
217,1f8c830c-0677-4d8c-91d6-381846a34ff0_2019-04-24.png,100.0
218,1f8c830c-0677-4d8c-91d6-381846a34ff0_2019-06-27.png,100.0
219,209a5eef-8778-4258-8c54-484295cbe95f_2018-04-25.png,100.0
220,209a5eef-8778-4258-8c54-484295cbe95f_2023-03-07.png,99.0
221,20eba01a-c20c-455f-ad15-2633d7b93704_2023-03-07.png,100.0
222,22ba1bfa-a161-40cb-a5d7-618e6d411158_2019-04-24.png,100.0
223,22ba1bfa-a161-40cb-a5d7-618e6d411158_2023-04-04.png,100.0
224,22ba1bfa-a161-40cb-a5d7-618e6d411158_2023-06-13.png,100.0
225,235e2657-ac67-414b-b234-5012879cb398_2022-04-27.png,10.0
226,24129928-b4d6-449f-9c4b-ec5f11e2e83f_2024-02-15.png,100.0
227,24a5f646-9ef6-4e62-89fe-963cd03a3d0f_2018-04-25.png,10.0
228,24a5f646-9ef6-4e62-89fe-963cd03a3d0f_2023-04-04.png,0.0
229,24a5f646-9ef6-4e62-89fe-963cd03a3d0f_2023-10-31.png,100.0
230,24cce01e-e10b-4fa8-8fd6-c9e6b402c2e7_2022-10-27.png,100.0
231,24cce01e-e10b-4fa8-8fd6-c9e6b402c2e7_2022-11-24.png,100.0
232,24cce01e-e10b-4fa8-8fd6-c9e6b402c2e7_2023-10-03.png,100.0
233,24cce01e-e10b-4fa8-8fd6-c9e6b402c2e7_2023-10-31.png,97.0
234,24cce01e-e10b-4fa8-8fd6-c9e6b402c2e7_2024-01-03.png,100.0
235,24ecc049-5b32-4786-824e-7ae320b3b40e_2018-04-25.png,0.0
236,24ecc049-5b32-4786-824e-7ae320b3b40e_2023-10-31.png,100.0
237,25f8cf02-64ed-4de2-9458-a0b2647044ec_2019-07-24.png,100.0
238,26816bfa-00c5-4284-b3dd-5db7924e9790_2020-08-01.png,20.0
239,26b43ba8-6072-44c4-bbda-66bb6d5183d3_2023-04-04.png,5.0
240,28c5f379-4d2d-422c-b7f3-ba108c76ef22_2018-04-25.png,100.0
241,28c5f379-4d2d-422c-b7f3-ba108c76ef22_2018-08-27.png,100.0
242,28c5f379-4d2d-422c-b7f3-ba108c76ef22_2019-04-24.png,100.0
243,28c5f379-4d2d-422c-b7f3-ba108c76ef22_2019-10-17.png,100.0
244,28c5f379-4d2d-422c-b7f3-ba108c76ef22_2023-04-04.png,100.0
245,28c5f379-4d2d-422c-b7f3-ba108c76ef22_2023-05-02.png,100.0
246,28c5f379-4d2d-422c-b7f3-ba108c76ef22_2023-06-13.png,100.0
247,28c5f379-4d2d-422c-b7f3-ba108c76ef22_2023-09-12.png,100.0
248,28c5f379-4d2d-422c-b7f3-ba108c76ef22_2023-10-03.png,100.0
249,2b3739ec-df0d-4fda-9346-367b6186fa3d_2023-10-31.png,10.0
250,2bbdf792-0d37-4808-9457-254f37e8aaf5_2020-09-21.png,100.0
251,2bbdf792-0d37-4808-9457-254f37e8aaf5_2021-07-02.png,100.0
252,2bbdf792-0d37-4808-9457-254f37e8aaf5_2021-08-25.png,100.0
253,2bbdf792-0d37-4808-9457-254f37e8aaf5_2023-03-07.png,0.0
254,2bbdf792-0d37-4808-9457-254f37e8aaf5_2023-03-21.png,0.0
255,2bbdf792-0d37-4808-9457-254f37e8aaf5_2023-04-04.png,3.0
256,2c0909f5-e0a9-465a-b32c-2f0a9b89d4dd_2023-03-28.png,0.0
257,2c0909f5-e0a9-465a-b32c-2f0a9b89d4dd_2023-04-04.png,0.0
258,2c120d7f-82bd-4973-a6e0-20600122e632_2023-03-07.png,81.5
259,2c120d7f-82bd-4973-a6e0-20600122e632_2023-06-13.png,100.0
260,2c120d7f-82bd-4973-a6e0-20600122e632_2024-02-08.png,100.0
261,2c120d7f-82bd-4973-a6e0-20600122e632_2024-02-15.png,100.0
262,2ead06d6-dfab-40ef-8d4e-f5d506f0b056_2018-04-04.png,100.0
263,2ead06d6-dfab-40ef-8d4e-f5d506f0b056_2023-10-31.png,100.0
264,2ee6be2e-40b0-486e-a574-000744dfe229_2018-04-25.png,100.0
265,2ee6be2e-40b0-486e-a574-000744dfe229_2019-10-17.png,100.0
266,2ee6be2e-40b0-486e-a574-000744dfe229_2022-04-27.png,100.0
267,2ee6be2e-40b0-486e-a574-000744dfe229_2023-09-12.png,100.0
268,2ee6be2e-40b0-486e-a574-000744dfe229_2023-09-19.png,100.0
269,2ee6be2e-40b0-486e-a574-000744dfe229_2023-10-31.png,100.0
270,2ee6be2e-40b0-486e-a574-000744dfe229_2024-02-08.png,100.0
271,2ee6be2e-40b0-486e-a574-000744dfe229_2024-02-15.png,100.0
272,30a7e096-38c5-4063-ad74-316add4b989a_2018-04-04.png,0.0
273,30a7e096-38c5-4063-ad74-316add4b989a_2018-04-25.png,0.0
274,30a7e096-38c5-4063-ad74-316add4b989a_2023-04-04.png,0.0
275,30a7e096-38c5-4063-ad74-316add4b989a_2023-05-02.png,0.0
276,30acca04-8b20-457e-8d35-e35bd1894756_2022-07-27.png,100.0
277,30acca04-8b20-457e-8d35-e35bd1894756_2022-11-24.png,100.0
278,30acca04-8b20-457e-8d35-e35bd1894756_2023-03-21.png,95.0
279,30acca04-8b20-457e-8d35-e35bd1894756_2023-05-02.png,95.0
280,30acca04-8b20-457e-8d35-e35bd1894756_2023-06-13.png,100.0
281,30acca04-8b20-457e-8d35-e35bd1894756_2023-10-31.png,100.0
282,3114b957-7d1a-489a-936c-77ac943c433e_2022-10-27.png,100.0
283,31bae220-f23f-4709-b8c3-9ebfe2288fe5_2018-04-25.png,100.0
284,31cb4ec2-1f18-4516-9fdd-5e1e7bfb81de_2018-04-04.png,5.0
285,31cb4ec2-1f18-4516-9fdd-5e1e7bfb81de_2018-08-27.png,100.0
286,31cb4ec2-1f18-4516-9fdd-5e1e7bfb81de_2022-07-27.png,100.0
287,31cb4ec2-1f18-4516-9fdd-5e1e7bfb81de_2022-11-24.png,100.0
288,31cb4ec2-1f18-4516-9fdd-5e1e7bfb81de_2023-06-13.png,15.0
289,31cb4ec2-1f18-4516-9fdd-5e1e7bfb81de_2023-10-31.png,100.0
290,31d95e2f-f47b-49c9-ba99-46e69ba579b5_2018-04-25.png,0.0
291,31d95e2f-f47b-49c9-ba99-46e69ba579b5_2018-05-23.png,0.0
292,31d95e2f-f47b-49c9-ba99-46e69ba579b5_2019-10-17.png,100.0
293,31d95e2f-f47b-49c9-ba99-46e69ba579b5_2021-07-02.png,100.0
294,31d95e2f-f47b-49c9-ba99-46e69ba579b5_2022-10-27.png,100.0
295,31d95e2f-f47b-49c9-ba99-46e69ba579b5_2022-11-24.png,90.0
296,31d95e2f-f47b-49c9-ba99-46e69ba579b5_2023-04-04.png,0.0
297,31d95e2f-f47b-49c9-ba99-46e69ba579b5_2023-05-02.png,0.0
298,31d95e2f-f47b-49c9-ba99-46e69ba579b5_2023-05-23.png,0.0
299,31d95e2f-f47b-49c9-ba99-46e69ba579b5_2023-06-13.png,100.0
300,31d95e2f-f47b-49c9-ba99-46e69ba579b5_2023-10-03.png,100.0
301,31d95e2f-f47b-49c9-ba99-46e69ba579b5_2023-10-31.png,100.0
302,31d95e2f-f47b-49c9-ba99-46e69ba579b5_2024-02-08.png,8.0
303,31d95e2f-f47b-49c9-ba99-46e69ba579b5_2024-02-15.png,0.0
304,331acc18-3327-4c0e-b811-292c2a335b61_2023-10-31.png,100.0
305,33d9a068-aae0-4429-a6b9-3c5571607503_2021-07-02.png,100.0
306,34f872ff-ab16-4ea9-88a1-52bc896248d6_2018-04-04.png,9.0
307,34f872ff-ab16-4ea9-88a1-52bc896248d6_2024-02-15.png,0.0
308,36029ec2-f0d8-45bd-baea-9177481ee3a2_2023-03-28.png,100.0
309,36029ec2-f0d8-45bd-baea-9177481ee3a2_2023-04-04.png,100.0
310,36029ec2-f0d8-45bd-baea-9177481ee3a2_2023-06-13.png,100.0
311,368091a5-94a3-41a8-abee-29d85d4a16f6_2022-10-27.png,100.0
312,368091a5-94a3-41a8-abee-29d85d4a16f6_2023-10-31.png,100.0
313,368091a5-94a3-41a8-abee-29d85d4a16f6_2024-02-15.png,100.0
314,36865a89-a20a-4ece-bc34-ff085ceedec6_2022-07-27.png,100.0
315,379ee064-a4fa-4429-8a09-0730b4e09e3b_2022-07-27.png,100.0
316,38121f47-2c1d-4bea-9992-3181860f0122_2019-05-31.png,3.0
317,386d4749-f346-4c62-adbf-4b33973a0da9_2023-09-19.png,100.0
318,386fb040-3b26-40e7-8c01-ab46031af779_2023-03-28.png,100.0
319,386fb040-3b26-40e7-8c01-ab46031af779_2024-01-03.png,100.0
320,38779fc6-7cf0-4675-9bab-205979e6dbfe_2018-04-25.png,100.0
321,38779fc6-7cf0-4675-9bab-205979e6dbfe_2023-03-07.png,100.0
322,38779fc6-7cf0-4675-9bab-205979e6dbfe_2023-06-13.png,100.0
323,38779fc6-7cf0-4675-9bab-205979e6dbfe_2023-09-12.png,100.0
324,38779fc6-7cf0-4675-9bab-205979e6dbfe_2023-09-19.png,100.0
325,38779fc6-7cf0-4675-9bab-205979e6dbfe_2023-10-03.png,100.0
326,38779fc6-7cf0-4675-9bab-205979e6dbfe_2023-11-27.png,100.0
327,398f2cf1-ed89-426a-ac4c-d284af0434e0_2023-10-31.png,100.0
328,39cb82d4-bb06-497c-baa7-1b8628973ae7_2019-04-24.png,98.0
329,39cb82d4-bb06-497c-baa7-1b8628973ae7_2019-10-17.png,100.0
330,39cb82d4-bb06-497c-baa7-1b8628973ae7_2022-12-28.png,100.0
331,39cb82d4-bb06-497c-baa7-1b8628973ae7_2023-05-23.png,100.0
332,39cb82d4-bb06-497c-baa7-1b8628973ae7_2024-02-15.png,100.0
333,39f25fa2-260e-4366-958e-3e3229200f33_2018-04-25.png,100.0
334,39f25fa2-260e-4366-958e-3e3229200f33_2019-05-31.png,100.0
335,39fb15b5-a33a-494c-a45d-dbd5962f314b_2022-04-27.png,25.0
336,3a6ca785-6d91-4811-8b80-778ea8d15797_2018-04-25.png,100.0
337,3a6ca785-6d91-4811-8b80-778ea8d15797_2019-10-17.png,100.0
338,3a6ca785-6d91-4811-8b80-778ea8d15797_2023-04-04.png,100.0
339,3a6ca785-6d91-4811-8b80-778ea8d15797_2023-06-13.png,100.0
340,3a6ca785-6d91-4811-8b80-778ea8d15797_2023-10-31.png,100.0
341,3a6ca785-6d91-4811-8b80-778ea8d15797_2024-01-03.png,100.0
342,3a6ca785-6d91-4811-8b80-778ea8d15797_2024-02-15.png,100.0
343,3a715915-0c62-4eb4-bb91-1457d26f95e7_2023-06-13.png,100.0
344,3a755a8d-bee8-42d8-a3ed-6ab5cbefee43_2022-04-27.png,85.0
345,3ace69ee-c6cf-4cf5-96d4-72fd7d2d0049_2022-07-27.png,100.0
346,3ace69ee-c6cf-4cf5-96d4-72fd7d2d0049_2022-10-27.png,100.0
347,3ace69ee-c6cf-4cf5-96d4-72fd7d2d0049_2022-11-24.png,100.0
348,3ace69ee-c6cf-4cf5-96d4-72fd7d2d0049_2023-03-28.png,100.0
349,3ace69ee-c6cf-4cf5-96d4-72fd7d2d0049_2023-04-04.png,100.0
350,3ace69ee-c6cf-4cf5-96d4-72fd7d2d0049_2023-05-02.png,100.0
351,3ace69ee-c6cf-4cf5-96d4-72fd7d2d0049_2023-06-13.png,100.0
352,3b4679bd-76b6-43fe-b740-9f274fea7195_2018-04-04.png,0.0
353,3b4679bd-76b6-43fe-b740-9f274fea7195_2018-04-25.png,95.0
354,3b4679bd-76b6-43fe-b740-9f274fea7195_2018-05-23.png,100.0
355,3b4679bd-76b6-43fe-b740-9f274fea7195_2019-04-24.png,0.0
356,3b4679bd-76b6-43fe-b740-9f274fea7195_2019-05-31.png,100.0
357,3b4679bd-76b6-43fe-b740-9f274fea7195_2019-06-27.png,100.0
358,3b4679bd-76b6-43fe-b740-9f274fea7195_2019-10-17.png,100.0
359,3b4679bd-76b6-43fe-b740-9f274fea7195_2020-08-01.png,100.0
360,3b4679bd-76b6-43fe-b740-9f274fea7195_2020-09-21.png,100.0
361,3b4679bd-76b6-43fe-b740-9f274fea7195_2021-07-02.png,100.0
362,3b4679bd-76b6-43fe-b740-9f274fea7195_2022-04-27.png,100.0
363,3b4679bd-76b6-43fe-b740-9f274fea7195_2022-07-27.png,100.0
364,3b4679bd-76b6-43fe-b740-9f274fea7195_2022-10-27.png,100.0
365,3b4679bd-76b6-43fe-b740-9f274fea7195_2022-11-24.png,100.0
366,3b4679bd-76b6-43fe-b740-9f274fea7195_2023-03-07.png,55.0
367,3b4679bd-76b6-43fe-b740-9f274fea7195_2023-03-28.png,0.0
368,3b4679bd-76b6-43fe-b740-9f274fea7195_2023-04-04.png,0.0
369,3b4679bd-76b6-43fe-b740-9f274fea7195_2023-05-02.png,0.0
370,3b4679bd-76b6-43fe-b740-9f274fea7195_2023-05-23.png,100.0
371,3b4679bd-76b6-43fe-b740-9f274fea7195_2023-06-13.png,100.0
372,3b4679bd-76b6-43fe-b740-9f274fea7195_2023-06-27.png,100.0
373,3b4679bd-76b6-43fe-b740-9f274fea7195_2023-09-12.png,100.0
374,3b4679bd-76b6-43fe-b740-9f274fea7195_2023-10-31.png,100.0
375,3b4679bd-76b6-43fe-b740-9f274fea7195_2023-11-27.png,100.0
376,3b4679bd-76b6-43fe-b740-9f274fea7195_2024-01-03.png,96.0
377,3b4679bd-76b6-43fe-b740-9f274fea7195_2024-02-08.png,25.0
378,3b4679bd-76b6-43fe-b740-9f274fea7195_2024-02-15.png,75.0
379,3b915ee0-2ab3-481d-9082-c5a3be5c4022_2022-11-24.png,90.0
380,3b915ee0-2ab3-481d-9082-c5a3be5c4022_2022-12-28.png,0.0
381,3bcbd33f-0d46-459c-8905-28081ca87b8c_2018-04-25.png,100.0
382,3bcbd33f-0d46-459c-8905-28081ca87b8c_2019-05-31.png,34.0
383,3bcbd33f-0d46-459c-8905-28081ca87b8c_2023-05-23.png,90.0
384,3bcbd33f-0d46-459c-8905-28081ca87b8c_2023-06-13.png,90.0
385,3c42d92e-2311-49b9-8937-37db095d0b83_2018-04-04.png,100.0
386,3c42d92e-2311-49b9-8937-37db095d0b83_2018-04-25.png,100.0
387,3c42d92e-2311-49b9-8937-37db095d0b83_2018-08-27.png,100.0
388,3c42d92e-2311-49b9-8937-37db095d0b83_2019-06-27.png,100.0
389,3c42d92e-2311-49b9-8937-37db095d0b83_2020-09-21.png,100.0
390,3c42d92e-2311-49b9-8937-37db095d0b83_2023-03-07.png,100.0
391,3c42d92e-2311-49b9-8937-37db095d0b83_2023-03-28.png,100.0
392,3c42d92e-2311-49b9-8937-37db095d0b83_2023-05-02.png,100.0
393,3c42d92e-2311-49b9-8937-37db095d0b83_2023-06-13.png,100.0
394,3c42d92e-2311-49b9-8937-37db095d0b83_2024-02-08.png,100.0
395,3cd06430-4ee8-464a-adb6-051d0f41ada1_2023-03-07.png,23.0
396,3e6aa377-e046-49c5-a288-5503e14c9a5a_2019-05-31.png,100.0
397,3e765775-3b73-46c6-976e-9112178127e2_2023-03-07.png,90.0
398,3eface6a-f207-4bf8-979f-c84660dffad1_2023-03-21.png,100.0
399,3eface6a-f207-4bf8-979f-c84660dffad1_2023-03-28.png,100.0
400,3eface6a-f207-4bf8-979f-c84660dffad1_2023-06-27.png,100.0
401,3eface6a-f207-4bf8-979f-c84660dffad1_2023-09-19.png,100.0
402,3eface6a-f207-4bf8-979f-c84660dffad1_2024-02-15.png,100.0
403,3f544aec-53a0-40db-aab1-b4fea03493b8_2022-03-30.png,96.0
404,3f7a7c75-665a-4b89-a725-797c5da9b5aa_2019-04-24.png,100.0
405,3f7a7c75-665a-4b89-a725-797c5da9b5aa_2023-03-07.png,100.0
406,3f8091d6-34da-4def-ab87-7411bd005801_2019-05-31.png,100.0
407,4090f4bf-d2a9-4d94-bc51-04e693e19916_2018-08-27.png,100.0
408,4090f4bf-d2a9-4d94-bc51-04e693e19916_2020-09-21.png,100.0
409,4090f4bf-d2a9-4d94-bc51-04e693e19916_2021-08-25.png,100.0
410,4090f4bf-d2a9-4d94-bc51-04e693e19916_2023-06-27.png,100.0
411,40d6b26a-b55d-43ef-97ea-dbcbcb4a5693_2018-08-27.png,95.0
412,41517f95-b008-4772-b4d2-3606e1942cc1_2018-04-25.png,100.0
413,41517f95-b008-4772-b4d2-3606e1942cc1_2019-06-27.png,100.0
414,41517f95-b008-4772-b4d2-3606e1942cc1_2022-04-27.png,100.0
415,41517f95-b008-4772-b4d2-3606e1942cc1_2022-07-27.png,100.0
416,41517f95-b008-4772-b4d2-3606e1942cc1_2023-09-19.png,100.0
417,41517f95-b008-4772-b4d2-3606e1942cc1_2023-10-31.png,100.0
418,41517f95-b008-4772-b4d2-3606e1942cc1_2024-02-15.png,100.0
419,41cf46b7-73ae-4ac1-954d-ab26767aac7e_2019-05-31.png,100.0
420,4235b0fd-3816-43e8-9a6b-9302609c1e2e_2018-08-27.png,30.0
421,4495b044-8a40-4d5a-892e-3fa089b58f53_2023-11-27.png,10.0
422,45390058-d4a4-4c96-87d2-a784ef05a96d_2020-09-21.png,100.0
423,45390058-d4a4-4c96-87d2-a784ef05a96d_2021-08-25.png,100.0
424,45390058-d4a4-4c96-87d2-a784ef05a96d_2023-05-23.png,100.0
425,45390058-d4a4-4c96-87d2-a784ef05a96d_2023-06-13.png,100.0
426,45390058-d4a4-4c96-87d2-a784ef05a96d_2023-09-19.png,100.0
427,45390058-d4a4-4c96-87d2-a784ef05a96d_2023-10-03.png,100.0
428,45390058-d4a4-4c96-87d2-a784ef05a96d_2023-10-31.png,100.0
429,45390058-d4a4-4c96-87d2-a784ef05a96d_2023-11-27.png,100.0
430,45859904-f193-4da2-bf3d-d1b316693421_2023-03-07.png,83.0
431,4609c8ec-d624-42a5-a2e8-3c86d86d8c3b_2019-10-17.png,100.0
432,4609c8ec-d624-42a5-a2e8-3c86d86d8c3b_2022-11-24.png,100.0
433,4609c8ec-d624-42a5-a2e8-3c86d86d8c3b_2023-03-07.png,82.0
434,4609c8ec-d624-42a5-a2e8-3c86d86d8c3b_2023-06-13.png,100.0
435,4609c8ec-d624-42a5-a2e8-3c86d86d8c3b_2023-10-31.png,100.0
436,4609c8ec-d624-42a5-a2e8-3c86d86d8c3b_2024-02-08.png,97.0
437,46f61b1f-704d-4a43-9cc8-85bac4432a3f_2023-03-07.png,100.0
438,46f61b1f-704d-4a43-9cc8-85bac4432a3f_2023-03-28.png,100.0
439,46f61b1f-704d-4a43-9cc8-85bac4432a3f_2023-04-04.png,100.0
440,46f61b1f-704d-4a43-9cc8-85bac4432a3f_2023-05-23.png,100.0
441,46f61b1f-704d-4a43-9cc8-85bac4432a3f_2023-09-19.png,100.0
442,46f61b1f-704d-4a43-9cc8-85bac4432a3f_2023-10-31.png,100.0
443,46f61b1f-704d-4a43-9cc8-85bac4432a3f_2024-02-15.png,96.0
444,4747052a-d52c-4d6a-b367-b43a56a7042d_2019-06-27.png,100.0
445,47c92736-e515-4406-b083-13998207ffb3_2021-07-02.png,100.0
446,47c92736-e515-4406-b083-13998207ffb3_2023-03-07.png,100.0
447,47c92736-e515-4406-b083-13998207ffb3_2023-05-23.png,100.0
448,48f0e964-9c9d-4538-b7e2-56b2609a99b1_2024-01-03.png,100.0
449,49929569-ee2f-4b32-bcb2-52bb5b87c147_2023-03-07.png,100.0
450,49929569-ee2f-4b32-bcb2-52bb5b87c147_2023-03-21.png,100.0
451,49929569-ee2f-4b32-bcb2-52bb5b87c147_2023-03-28.png,100.0
452,49929569-ee2f-4b32-bcb2-52bb5b87c147_2023-05-02.png,100.0
453,49929569-ee2f-4b32-bcb2-52bb5b87c147_2024-02-08.png,100.0
454,49d08a16-d42a-4292-81b4-106f168f80c7_2022-10-27.png,100.0
455,49d08a16-d42a-4292-81b4-106f168f80c7_2023-10-31.png,100.0
456,49d08a16-d42a-4292-81b4-106f168f80c7_2024-02-15.png,100.0
457,49f0cb70-0261-4446-998c-5c64fd244a27_2023-03-07.png,100.0
458,4a1431a3-07aa-4221-a614-eec52bb2f69d_2022-11-24.png,100.0
459,4a1431a3-07aa-4221-a614-eec52bb2f69d_2022-12-28.png,100.0
460,4a1431a3-07aa-4221-a614-eec52bb2f69d_2023-03-07.png,80.0
461,4a1431a3-07aa-4221-a614-eec52bb2f69d_2023-09-19.png,100.0
462,4a1431a3-07aa-4221-a614-eec52bb2f69d_2023-11-27.png,100.0
463,4a53dc7a-d0da-44a1-841e-f309b6ae3ccc_2022-07-27.png,100.0
464,4a53dc7a-d0da-44a1-841e-f309b6ae3ccc_2022-11-24.png,5.0
465,4a53dc7a-d0da-44a1-841e-f309b6ae3ccc_2022-12-28.png,0.0
466,4a53dc7a-d0da-44a1-841e-f309b6ae3ccc_2023-09-19.png,100.0
467,4a53dc7a-d0da-44a1-841e-f309b6ae3ccc_2023-11-27.png,100.0
468,4a53dc7a-d0da-44a1-841e-f309b6ae3ccc_2024-02-08.png,0.0
469,4a53dc7a-d0da-44a1-841e-f309b6ae3ccc_2024-02-15.png,0.0
470,4b304223-ae5e-4014-98a5-c68c760deb74_2018-08-27.png,100.0
471,4b304223-ae5e-4014-98a5-c68c760deb74_2021-07-02.png,100.0
472,4b304223-ae5e-4014-98a5-c68c760deb74_2024-02-15.png,100.0
473,4b6de6eb-3084-4fec-b427-2386c27e0809_2022-11-24.png,100.0
474,4b6de6eb-3084-4fec-b427-2386c27e0809_2023-09-19.png,100.0
475,4b6de6eb-3084-4fec-b427-2386c27e0809_2023-10-31.png,100.0
476,4b6de6eb-3084-4fec-b427-2386c27e0809_2024-02-08.png,100.0
477,4b6de6eb-3084-4fec-b427-2386c27e0809_2024-02-15.png,100.0
478,4b704853-724f-49d4-a607-77808bdf861f_2022-12-28.png,0.0
479,4b7feb78-6af2-4b56-a1d5-b0921a9612d1_2019-10-17.png,100.0
480,4b7feb78-6af2-4b56-a1d5-b0921a9612d1_2022-11-24.png,100.0
481,4b7feb78-6af2-4b56-a1d5-b0921a9612d1_2023-10-31.png,100.0
482,4b9767a5-9fee-4013-b02b-1c86504cfa3c_2018-04-25.png,100.0
483,4b9767a5-9fee-4013-b02b-1c86504cfa3c_2018-08-27.png,100.0
484,4b9767a5-9fee-4013-b02b-1c86504cfa3c_2019-10-17.png,100.0
485,4b9767a5-9fee-4013-b02b-1c86504cfa3c_2021-08-25.png,100.0
486,4b9767a5-9fee-4013-b02b-1c86504cfa3c_2022-04-27.png,100.0
487,4b9767a5-9fee-4013-b02b-1c86504cfa3c_2023-06-13.png,100.0
488,4b9767a5-9fee-4013-b02b-1c86504cfa3c_2023-09-12.png,100.0
489,4b9767a5-9fee-4013-b02b-1c86504cfa3c_2023-09-19.png,100.0
490,4b9767a5-9fee-4013-b02b-1c86504cfa3c_2023-10-31.png,100.0
491,4b9767a5-9fee-4013-b02b-1c86504cfa3c_2024-02-15.png,100.0
492,4c099da6-8d4a-4308-b5aa-a140c2035f7a_2024-02-15.png,0.0
493,4c123488-85cc-4c89-9b0e-2fc73c565521_2018-04-25.png,100.0
494,4c123488-85cc-4c89-9b0e-2fc73c565521_2018-08-27.png,100.0
495,4c123488-85cc-4c89-9b0e-2fc73c565521_2020-09-21.png,100.0
496,4c123488-85cc-4c89-9b0e-2fc73c565521_2021-07-02.png,0.0
497,4c123488-85cc-4c89-9b0e-2fc73c565521_2022-04-27.png,0.0
498,4c123488-85cc-4c89-9b0e-2fc73c565521_2023-06-13.png,0.0
499,4c1aed8c-779a-4977-b554-3e6f7579dd42_2019-10-17.png,100.0
500,4c1aed8c-779a-4977-b554-3e6f7579dd42_2020-09-21.png,100.0
501,4c1aed8c-779a-4977-b554-3e6f7579dd42_2023-10-31.png,100.0
502,4c8542e8-ec9d-4d89-bc3d-1d15b96cc9a7_2024-02-15.png,80.0
503,4e481c36-9f3b-4d3c-9ffd-cc9a678fadcb_2018-04-25.png,30.0
504,4e481c36-9f3b-4d3c-9ffd-cc9a678fadcb_2020-08-01.png,10.0
505,4e481c36-9f3b-4d3c-9ffd-cc9a678fadcb_2022-04-27.png,100.0
506,4e481c36-9f3b-4d3c-9ffd-cc9a678fadcb_2023-03-07.png,100.0
507,517e446d-8a3e-46ce-a240-23189bfeb6ea_2022-07-27.png,100.0
508,517e446d-8a3e-46ce-a240-23189bfeb6ea_2023-05-02.png,0.0
509,517e446d-8a3e-46ce-a240-23189bfeb6ea_2023-05-23.png,6.0
510,52309692-ae25-4c0d-96b1-fe02dc607cb4_2018-04-25.png,100.0
511,52309692-ae25-4c0d-96b1-fe02dc607cb4_2018-08-27.png,100.0
512,52309692-ae25-4c0d-96b1-fe02dc607cb4_2019-10-17.png,100.0
513,52309692-ae25-4c0d-96b1-fe02dc607cb4_2022-10-27.png,100.0
514,52309692-ae25-4c0d-96b1-fe02dc607cb4_2023-03-28.png,100.0
515,52309692-ae25-4c0d-96b1-fe02dc607cb4_2023-04-04.png,100.0
516,52309692-ae25-4c0d-96b1-fe02dc607cb4_2023-05-02.png,100.0
517,52309692-ae25-4c0d-96b1-fe02dc607cb4_2023-05-23.png,100.0
518,52309692-ae25-4c0d-96b1-fe02dc607cb4_2023-06-27.png,100.0
519,52309692-ae25-4c0d-96b1-fe02dc607cb4_2023-09-12.png,100.0
520,52309692-ae25-4c0d-96b1-fe02dc607cb4_2023-10-31.png,100.0
521,52309692-ae25-4c0d-96b1-fe02dc607cb4_2024-01-03.png,100.0
522,52309692-ae25-4c0d-96b1-fe02dc607cb4_2024-02-15.png,100.0
523,523bb6e8-665b-4356-a2b2-f567ae889246_2024-02-15.png,100.0
524,52755a20-8e62-401e-92b1-2a0329412d05_2018-04-04.png,15.0
525,52f1f550-4e8b-485f-ad85-de7115173ed9_2018-04-04.png,0.0
526,52f1f550-4e8b-485f-ad85-de7115173ed9_2018-04-25.png,0.0
527,52f1f550-4e8b-485f-ad85-de7115173ed9_2018-05-23.png,0.0
528,52f1f550-4e8b-485f-ad85-de7115173ed9_2019-05-31.png,52.0
529,52f1f550-4e8b-485f-ad85-de7115173ed9_2019-10-17.png,100.0
530,52f1f550-4e8b-485f-ad85-de7115173ed9_2021-07-02.png,95.0
531,52f1f550-4e8b-485f-ad85-de7115173ed9_2023-03-21.png,0.0
532,52f1f550-4e8b-485f-ad85-de7115173ed9_2023-03-28.png,0.0
533,52f1f550-4e8b-485f-ad85-de7115173ed9_2023-04-04.png,0.0
534,52f1f550-4e8b-485f-ad85-de7115173ed9_2023-05-02.png,0.0
535,52f1f550-4e8b-485f-ad85-de7115173ed9_2023-05-23.png,0.0
536,52f1f550-4e8b-485f-ad85-de7115173ed9_2023-06-13.png,100.0
537,52f1f550-4e8b-485f-ad85-de7115173ed9_2023-10-31.png,100.0
538,52f1f550-4e8b-485f-ad85-de7115173ed9_2024-01-03.png,100.0
539,52f1f550-4e8b-485f-ad85-de7115173ed9_2024-02-08.png,5.0
540,52f1f550-4e8b-485f-ad85-de7115173ed9_2024-02-15.png,0.0
541,54cc22ba-640a-42b9-bae0-eb02554086cf_2018-04-04.png,0.0
542,54cc22ba-640a-42b9-bae0-eb02554086cf_2018-08-27.png,30.0
543,54cc22ba-640a-42b9-bae0-eb02554086cf_2019-10-17.png,100.0
544,54cc22ba-640a-42b9-bae0-eb02554086cf_2020-09-21.png,100.0
545,54cc22ba-640a-42b9-bae0-eb02554086cf_2022-10-27.png,100.0
546,54cc22ba-640a-42b9-bae0-eb02554086cf_2022-11-24.png,0.0
547,54cc22ba-640a-42b9-bae0-eb02554086cf_2022-12-28.png,10.0
548,54cc22ba-640a-42b9-bae0-eb02554086cf_2023-03-28.png,20.0
549,54cc22ba-640a-42b9-bae0-eb02554086cf_2023-04-04.png,95.0
550,54cc22ba-640a-42b9-bae0-eb02554086cf_2023-05-23.png,98.0
551,54cc22ba-640a-42b9-bae0-eb02554086cf_2023-06-13.png,100.0
552,54cc22ba-640a-42b9-bae0-eb02554086cf_2023-10-31.png,98.0
553,54cc22ba-640a-42b9-bae0-eb02554086cf_2024-01-03.png,93.0
554,54cc22ba-640a-42b9-bae0-eb02554086cf_2024-02-08.png,4.0
555,54cc22ba-640a-42b9-bae0-eb02554086cf_2024-02-15.png,10.0
556,54cfdb7d-3516-4763-bb44-caa64b227792_2019-05-31.png,100.0
557,55361361-366c-4089-8c16-72a4781539c2_2018-04-25.png,0.0
558,553c3929-d889-4c5f-947e-7c72d18d1b76_2022-04-27.png,0.0
559,5635ecfe-787e-4097-a6fa-54d9ffb214c1_2019-10-17.png,100.0
560,5635ecfe-787e-4097-a6fa-54d9ffb214c1_2024-02-15.png,100.0
561,5751d76f-ff25-4f79-a77c-6fb36d4cf52b_2019-10-17.png,100.0
562,5751d76f-ff25-4f79-a77c-6fb36d4cf52b_2020-09-21.png,100.0
563,585de018-b608-4d42-8103-de304d87c5d6_2023-03-21.png,90.0
564,58e2c5dc-995d-41d2-9937-3b3edef36b44_2019-06-27.png,100.0
565,58e2c5dc-995d-41d2-9937-3b3edef36b44_2022-12-28.png,100.0
566,58e2c5dc-995d-41d2-9937-3b3edef36b44_2023-09-12.png,100.0
567,58e2c5dc-995d-41d2-9937-3b3edef36b44_2024-01-03.png,100.0
568,5a079ffa-e211-4364-ba7c-2bc0822e2316_2019-10-17.png,100.0
569,5a079ffa-e211-4364-ba7c-2bc0822e2316_2021-07-02.png,100.0
570,5a079ffa-e211-4364-ba7c-2bc0822e2316_2021-08-25.png,100.0
571,5a079ffa-e211-4364-ba7c-2bc0822e2316_2023-03-28.png,0.0
572,5a079ffa-e211-4364-ba7c-2bc0822e2316_2023-04-04.png,100.0
573,5a079ffa-e211-4364-ba7c-2bc0822e2316_2023-05-23.png,100.0
574,5a079ffa-e211-4364-ba7c-2bc0822e2316_2023-09-12.png,100.0
575,5a257d0b-73b3-4ac7-8e36-88e58d072ab7_2023-03-07.png,100.0
576,5a377fe0-f5c7-4b27-a10c-cb387683655a_2022-10-27.png,100.0
577,5a377fe0-f5c7-4b27-a10c-cb387683655a_2023-03-07.png,100.0
578,5a8f9f27-bf05-45a8-9aed-d1b5762f659d_2021-07-02.png,100.0
579,5bd9dd3f-1bb7-4404-b293-4e8ace8c01f4_2022-12-28.png,100.0
580,5bea3d05-270c-45e4-bef0-f087e0dd9d89_2018-08-27.png,100.0
581,5c48152c-a304-4621-9872-7a5e08166033_2018-08-27.png,100.0
582,5cd2e4cc-a553-4b4f-9c37-42084cba72aa_2020-09-21.png,100.0
583,5d38cc30-e80b-480a-8f86-89f86488416e_2018-04-04.png,0.0
584,5d38cc30-e80b-480a-8f86-89f86488416e_2019-03-25.png,0.0
585,5d38cc30-e80b-480a-8f86-89f86488416e_2023-03-28.png,5.0
586,5d38cc30-e80b-480a-8f86-89f86488416e_2023-04-04.png,15.0
587,5d38cc30-e80b-480a-8f86-89f86488416e_2023-05-02.png,10.0
588,5d38cc30-e80b-480a-8f86-89f86488416e_2023-05-23.png,65.0
589,5f273351-c01d-47f9-b2ff-22021e56a36c_2019-04-24.png,100.0
590,5f273351-c01d-47f9-b2ff-22021e56a36c_2021-04-29.png,100.0
591,60f88280-ea70-49e3-812f-79915e7c7882_2018-04-25.png,50.0
592,60f88280-ea70-49e3-812f-79915e7c7882_2021-07-02.png,100.0
593,60f88280-ea70-49e3-812f-79915e7c7882_2023-04-04.png,0.0
594,60f88280-ea70-49e3-812f-79915e7c7882_2023-05-23.png,100.0
595,60f88280-ea70-49e3-812f-79915e7c7882_2023-06-13.png,100.0
596,60f88280-ea70-49e3-812f-79915e7c7882_2023-06-27.png,100.0
597,60f88280-ea70-49e3-812f-79915e7c7882_2024-02-08.png,15.0
598,60f88280-ea70-49e3-812f-79915e7c7882_2024-02-15.png,20.0
599,6195b4c2-773e-40ae-bd5c-51c153f198c8_2018-08-27.png,100.0
600,6195b4c2-773e-40ae-bd5c-51c153f198c8_2023-03-07.png,73.0
601,638cafa3-0382-4b6f-915e-d71b660c7c60_2022-10-27.png,100.0
602,638cafa3-0382-4b6f-915e-d71b660c7c60_2023-09-19.png,100.0
603,638cafa3-0382-4b6f-915e-d71b660c7c60_2023-10-31.png,100.0
604,65717afa-d1c9-4d4b-a93d-29359c2b3308_2023-05-23.png,3.0
605,65d19bde-68dc-428c-8015-164387a54bdf_2019-05-31.png,100.0
606,663fda16-7b72-44be-84d1-e43abc0a3d33_2023-05-02.png,100.0
607,678242d3-56fd-4587-ba5d-4739c3067eeb_2018-08-27.png,0.0
608,67acee3c-df00-47ce-9c56-4db12b289400_2023-03-07.png,100.0
609,68ad6972-c0be-4ccc-a519-29c50751e992_2022-10-27.png,100.0
610,68ad6972-c0be-4ccc-a519-29c50751e992_2023-10-31.png,100.0
611,691e1e23-112e-4e47-a598-fc442970a249_2021-08-25.png,100.0
612,6b303af7-8921-4ccb-94da-e28d82512a64_2021-08-25.png,100.0
613,6bf8d1d5-9961-4b9f-a019-a8c31949f892_2018-04-04.png,10.0
614,6bf8d1d5-9961-4b9f-a019-a8c31949f892_2018-04-25.png,20.0
615,6bf8d1d5-9961-4b9f-a019-a8c31949f892_2018-08-27.png,100.0
616,6bf8d1d5-9961-4b9f-a019-a8c31949f892_2019-04-24.png,0.0
617,6bf8d1d5-9961-4b9f-a019-a8c31949f892_2019-05-31.png,100.0
618,6bf8d1d5-9961-4b9f-a019-a8c31949f892_2019-06-27.png,100.0
619,6bf8d1d5-9961-4b9f-a019-a8c31949f892_2020-09-21.png,100.0
620,6bf8d1d5-9961-4b9f-a019-a8c31949f892_2021-07-02.png,100.0
621,6bf8d1d5-9961-4b9f-a019-a8c31949f892_2021-08-25.png,100.0
622,6bf8d1d5-9961-4b9f-a019-a8c31949f892_2022-04-27.png,60.0
623,6bf8d1d5-9961-4b9f-a019-a8c31949f892_2022-10-27.png,100.0
624,6bf8d1d5-9961-4b9f-a019-a8c31949f892_2022-11-24.png,100.0
625,6bf8d1d5-9961-4b9f-a019-a8c31949f892_2022-12-28.png,100.0
626,6bf8d1d5-9961-4b9f-a019-a8c31949f892_2023-03-28.png,30.0
627,6bf8d1d5-9961-4b9f-a019-a8c31949f892_2023-04-04.png,30.0
628,6bf8d1d5-9961-4b9f-a019-a8c31949f892_2023-05-02.png,0.0
629,6bf8d1d5-9961-4b9f-a019-a8c31949f892_2023-05-23.png,95.0
630,6bf8d1d5-9961-4b9f-a019-a8c31949f892_2023-06-13.png,100.0
631,6bf8d1d5-9961-4b9f-a019-a8c31949f892_2023-06-27.png,100.0
632,6bf8d1d5-9961-4b9f-a019-a8c31949f892_2023-09-12.png,100.0
633,6bf8d1d5-9961-4b9f-a019-a8c31949f892_2023-09-19.png,100.0
634,6bf8d1d5-9961-4b9f-a019-a8c31949f892_2023-10-31.png,100.0
635,6bf8d1d5-9961-4b9f-a019-a8c31949f892_2023-11-27.png,100.0
636,6bf8d1d5-9961-4b9f-a019-a8c31949f892_2024-01-03.png,100.0
637,6bf8d1d5-9961-4b9f-a019-a8c31949f892_2024-02-08.png,98.0
638,6bf8d1d5-9961-4b9f-a019-a8c31949f892_2024-02-15.png,96.0
639,6c44029b-0014-417e-8e0d-e82c2a9a975b_2023-05-23.png,100.0
640,6c7504b5-b42b-4205-9c2d-a53f4095bcfa_2018-04-25.png,100.0
641,6c7504b5-b42b-4205-9c2d-a53f4095bcfa_2018-08-27.png,100.0
642,6c7504b5-b42b-4205-9c2d-a53f4095bcfa_2019-04-24.png,100.0
643,6c7504b5-b42b-4205-9c2d-a53f4095bcfa_2019-10-17.png,100.0
644,6c7504b5-b42b-4205-9c2d-a53f4095bcfa_2022-04-27.png,100.0
645,6c7504b5-b42b-4205-9c2d-a53f4095bcfa_2022-07-27.png,100.0
646,6c7504b5-b42b-4205-9c2d-a53f4095bcfa_2022-11-24.png,100.0
647,6c7504b5-b42b-4205-9c2d-a53f4095bcfa_2023-03-28.png,100.0
648,6c7504b5-b42b-4205-9c2d-a53f4095bcfa_2023-09-19.png,0.0
649,6c7504b5-b42b-4205-9c2d-a53f4095bcfa_2023-10-31.png,100.0
650,6caf7298-9341-4002-a089-20177a0b8644_2018-08-27.png,0.0
651,6caf7298-9341-4002-a089-20177a0b8644_2022-04-27.png,100.0
652,6d8727f1-1bff-4b22-be9b-194e83846fb4_2018-04-04.png,100.0
653,6d8727f1-1bff-4b22-be9b-194e83846fb4_2018-04-25.png,100.0
654,6d8727f1-1bff-4b22-be9b-194e83846fb4_2019-04-24.png,100.0
655,6d8727f1-1bff-4b22-be9b-194e83846fb4_2019-10-17.png,100.0
656,6d8727f1-1bff-4b22-be9b-194e83846fb4_2021-07-02.png,100.0
657,6d8727f1-1bff-4b22-be9b-194e83846fb4_2021-08-25.png,100.0
658,6d8727f1-1bff-4b22-be9b-194e83846fb4_2022-04-27.png,100.0
659,6d8727f1-1bff-4b22-be9b-194e83846fb4_2022-07-27.png,100.0
660,6d8727f1-1bff-4b22-be9b-194e83846fb4_2022-10-27.png,100.0
661,6d8727f1-1bff-4b22-be9b-194e83846fb4_2023-05-02.png,100.0
662,6d8727f1-1bff-4b22-be9b-194e83846fb4_2023-05-23.png,100.0
663,6d8727f1-1bff-4b22-be9b-194e83846fb4_2023-06-13.png,100.0
664,6d8727f1-1bff-4b22-be9b-194e83846fb4_2023-09-12.png,100.0
665,6d8727f1-1bff-4b22-be9b-194e83846fb4_2023-09-19.png,100.0
666,6d8727f1-1bff-4b22-be9b-194e83846fb4_2023-10-03.png,100.0
667,6d8727f1-1bff-4b22-be9b-194e83846fb4_2023-10-31.png,100.0
668,6d8feebe-e21b-4031-8b62-2c68228d16fa_2018-04-25.png,100.0
669,6d8feebe-e21b-4031-8b62-2c68228d16fa_2018-08-27.png,100.0
670,6d8feebe-e21b-4031-8b62-2c68228d16fa_2019-04-24.png,100.0
671,6d8feebe-e21b-4031-8b62-2c68228d16fa_2019-06-27.png,97.0
672,6d8feebe-e21b-4031-8b62-2c68228d16fa_2019-10-17.png,95.0
673,6d8feebe-e21b-4031-8b62-2c68228d16fa_2022-10-27.png,100.0
674,6d8feebe-e21b-4031-8b62-2c68228d16fa_2022-11-24.png,100.0
675,6d8feebe-e21b-4031-8b62-2c68228d16fa_2023-03-28.png,80.0
676,6d8feebe-e21b-4031-8b62-2c68228d16fa_2023-04-04.png,50.0
677,6d8feebe-e21b-4031-8b62-2c68228d16fa_2023-05-02.png,100.0
678,6d8feebe-e21b-4031-8b62-2c68228d16fa_2023-05-23.png,100.0
679,6d8feebe-e21b-4031-8b62-2c68228d16fa_2023-06-13.png,100.0
680,6d8feebe-e21b-4031-8b62-2c68228d16fa_2023-06-27.png,100.0
681,6d8feebe-e21b-4031-8b62-2c68228d16fa_2023-09-12.png,100.0
682,6d8feebe-e21b-4031-8b62-2c68228d16fa_2023-10-31.png,95.0
683,6d8feebe-e21b-4031-8b62-2c68228d16fa_2023-11-27.png,0.0
684,6d8feebe-e21b-4031-8b62-2c68228d16fa_2024-01-03.png,0.0
685,6d8feebe-e21b-4031-8b62-2c68228d16fa_2024-02-08.png,0.0
686,6d8feebe-e21b-4031-8b62-2c68228d16fa_2024-02-15.png,0.0
687,6df51272-1e5b-4a34-a803-7ae146d82c17_2022-10-27.png,100.0
688,6e63183c-d0d7-43bf-933f-45fde1c1dc1c_2024-02-15.png,10.0
689,71e9d737-3268-4975-a45d-3ec5b2bdb355_2023-05-23.png,0.0
690,72a2afe2-a4eb-4e13-97ca-a8eb6d8ebcb4_2023-03-07.png,100.0
691,730783de-759d-4035-9caa-f2e9305f2825_2018-04-04.png,100.0
692,730783de-759d-4035-9caa-f2e9305f2825_2019-04-24.png,100.0
693,730783de-759d-4035-9caa-f2e9305f2825_2019-06-27.png,100.0
694,730783de-759d-4035-9caa-f2e9305f2825_2019-10-17.png,100.0
695,730783de-759d-4035-9caa-f2e9305f2825_2020-09-21.png,100.0
696,730783de-759d-4035-9caa-f2e9305f2825_2021-08-25.png,100.0
697,730783de-759d-4035-9caa-f2e9305f2825_2022-12-28.png,80.0
698,730783de-759d-4035-9caa-f2e9305f2825_2023-10-31.png,89.0
699,730783de-759d-4035-9caa-f2e9305f2825_2024-01-03.png,0.0
700,73433e79-9f3f-4b44-b61a-d0f583311f22_2019-04-24.png,0.0
701,73433e79-9f3f-4b44-b61a-d0f583311f22_2022-04-27.png,5.0
702,73433e79-9f3f-4b44-b61a-d0f583311f22_2022-10-27.png,100.0
703,73433e79-9f3f-4b44-b61a-d0f583311f22_2023-05-02.png,0.0
705,73433e79-9f3f-4b44-b61a-d0f583311f22_2023-06-13.png,100.0
706,73433e79-9f3f-4b44-b61a-d0f583311f22_2023-10-31.png,100.0
707,73433e79-9f3f-4b44-b61a-d0f583311f22_2023-12-05.png,100.0
708,73433e79-9f3f-4b44-b61a-d0f583311f22_2024-02-08.png,10.0
709,73433e79-9f3f-4b44-b61a-d0f583311f22_2024-02-15.png,10.0
710,737e2cb1-639d-4124-8935-d5bd039532ad_2023-05-23.png,20.0
711,73e3e146-a5b2-4c79-8961-be8befe8b10e_2022-04-27.png,0.0
712,73e3e146-a5b2-4c79-8961-be8befe8b10e_2022-11-24.png,100.0
713,73e3e146-a5b2-4c79-8961-be8befe8b10e_2023-05-23.png,98.0
714,7562c139-f23a-4cc5-b974-994eab24a2f6_2018-04-04.png,100.0
715,7562c139-f23a-4cc5-b974-994eab24a2f6_2018-04-25.png,100.0
716,7562c139-f23a-4cc5-b974-994eab24a2f6_2022-10-27.png,100.0
717,7562c139-f23a-4cc5-b974-994eab24a2f6_2023-06-13.png,100.0
718,7562c139-f23a-4cc5-b974-994eab24a2f6_2023-06-27.png,100.0
719,75e480c4-9d0a-44d2-94e5-6923db02a122_2019-05-31.png,50.0
720,75e480c4-9d0a-44d2-94e5-6923db02a122_2022-11-24.png,100.0
721,75e480c4-9d0a-44d2-94e5-6923db02a122_2023-03-07.png,15.0
722,75e480c4-9d0a-44d2-94e5-6923db02a122_2024-02-08.png,10.0
723,76210ad5-90fc-4d9a-9620-9c2d57976a59_2023-05-23.png,100.0
724,76424c7c-518a-415d-bcb8-b8933683c2ed_2018-04-04.png,0.0
725,76424c7c-518a-415d-bcb8-b8933683c2ed_2018-04-25.png,0.0
726,76424c7c-518a-415d-bcb8-b8933683c2ed_2018-05-23.png,0.0
727,76424c7c-518a-415d-bcb8-b8933683c2ed_2019-04-24.png,0.0
728,76424c7c-518a-415d-bcb8-b8933683c2ed_2019-05-31.png,90.0
729,76424c7c-518a-415d-bcb8-b8933683c2ed_2019-06-27.png,98.0
730,76424c7c-518a-415d-bcb8-b8933683c2ed_2019-10-17.png,100.0
731,76424c7c-518a-415d-bcb8-b8933683c2ed_2020-09-21.png,100.0
732,76424c7c-518a-415d-bcb8-b8933683c2ed_2022-10-27.png,90.0
733,76424c7c-518a-415d-bcb8-b8933683c2ed_2022-11-24.png,55.0
734,76424c7c-518a-415d-bcb8-b8933683c2ed_2022-12-28.png,70.0
735,76424c7c-518a-415d-bcb8-b8933683c2ed_2023-03-28.png,0.0
736,76424c7c-518a-415d-bcb8-b8933683c2ed_2023-04-04.png,0.0
737,76424c7c-518a-415d-bcb8-b8933683c2ed_2023-05-02.png,0.0
738,76424c7c-518a-415d-bcb8-b8933683c2ed_2023-05-23.png,0.0
739,76424c7c-518a-415d-bcb8-b8933683c2ed_2023-06-13.png,100.0
740,76424c7c-518a-415d-bcb8-b8933683c2ed_2023-09-12.png,100.0
741,76424c7c-518a-415d-bcb8-b8933683c2ed_2023-10-03.png,100.0
742,76424c7c-518a-415d-bcb8-b8933683c2ed_2023-10-31.png,100.0
743,76424c7c-518a-415d-bcb8-b8933683c2ed_2024-01-03.png,100.0
744,76424c7c-518a-415d-bcb8-b8933683c2ed_2024-02-08.png,2.0
745,7685344a-5cbd-401a-b81d-64d010e35448_2023-06-13.png,100.0
746,77a0e0ab-c219-4990-b369-4e06324f2c7a_2023-09-19.png,100.0
747,784cfc33-39db-444b-bb00-eb345cb08b16_2020-09-21.png,100.0
748,784cfc33-39db-444b-bb00-eb345cb08b16_2023-04-04.png,100.0
749,7a691145-22f8-4e83-8937-7eafda96105d_2018-04-04.png,65.0
750,7b1093f4-9125-48a7-9f2a-1f0ed86fb1fc_2018-04-25.png,0.0
751,7b1093f4-9125-48a7-9f2a-1f0ed86fb1fc_2023-05-23.png,10.0
752,7b1acde9-37eb-4fd9-82aa-bded8b60195e_2018-04-04.png,100.0
753,7b1acde9-37eb-4fd9-82aa-bded8b60195e_2018-04-25.png,0.0
754,7b1acde9-37eb-4fd9-82aa-bded8b60195e_2021-07-02.png,0.0
755,7b1acde9-37eb-4fd9-82aa-bded8b60195e_2023-03-07.png,0.0
756,7b1acde9-37eb-4fd9-82aa-bded8b60195e_2023-06-13.png,0.0
757,7b4adf56-f007-4162-ae53-e303a39d2de5_2018-04-04.png,93.0
758,7c0c5b08-1285-49c3-8874-3140b166b761_2018-04-25.png,100.0
759,7c0c5b08-1285-49c3-8874-3140b166b761_2019-06-27.png,100.0
760,7c0c5b08-1285-49c3-8874-3140b166b761_2023-03-07.png,100.0
761,7c0c5b08-1285-49c3-8874-3140b166b761_2023-03-21.png,100.0
762,7c0c5b08-1285-49c3-8874-3140b166b761_2023-03-28.png,100.0
763,7c0c5b08-1285-49c3-8874-3140b166b761_2024-02-15.png,100.0
764,7cbaf8b7-7169-4c36-aea8-a37e8ea6d536_2019-05-31.png,95.0
765,7cdca7b0-a365-40db-8e04-98733814a7aa_2019-05-31.png,100.0
766,7f7847dc-d5e6-4faa-b99a-14c41ee20534_2019-04-24.png,100.0
767,7f8e87ed-d5ff-42a8-8007-ce777257cf68_2022-04-27.png,64.0
768,7f8eba52-c7f6-4dc5-b1c1-b1569036ec2e_2018-04-04.png,100.0
769,7f8eba52-c7f6-4dc5-b1c1-b1569036ec2e_2023-03-07.png,100.0
770,7fd69909-9b9b-4cc9-9bcd-321cc6f90b15_2019-06-27.png,100.0
771,7fd69909-9b9b-4cc9-9bcd-321cc6f90b15_2022-12-28.png,100.0
772,7fd69909-9b9b-4cc9-9bcd-321cc6f90b15_2023-03-28.png,100.0
773,7fd69909-9b9b-4cc9-9bcd-321cc6f90b15_2023-04-04.png,100.0
774,80acabb6-ad48-4799-80bc-1a4c0fd71656_2018-04-04.png,100.0
775,80acabb6-ad48-4799-80bc-1a4c0fd71656_2022-04-27.png,100.0
776,80acabb6-ad48-4799-80bc-1a4c0fd71656_2022-11-24.png,4.0
777,80acabb6-ad48-4799-80bc-1a4c0fd71656_2022-12-28.png,3.0
778,80acabb6-ad48-4799-80bc-1a4c0fd71656_2023-05-23.png,100.0
779,80acabb6-ad48-4799-80bc-1a4c0fd71656_2023-11-27.png,5.0
780,80acabb6-ad48-4799-80bc-1a4c0fd71656_2024-01-03.png,0.0
781,80acabb6-ad48-4799-80bc-1a4c0fd71656_2024-02-08.png,98.0
782,81045a73-c805-4f6c-9115-9fd7ee103bf0_2023-06-13.png,55.0
783,81184785-a805-48e4-b271-7e3c2751b6b1_2019-10-17.png,100.0
784,81999dbd-1379-4dcb-9d85-3362649f7abc_2018-04-04.png,0.0
785,81999dbd-1379-4dcb-9d85-3362649f7abc_2019-04-24.png,0.0
786,81999dbd-1379-4dcb-9d85-3362649f7abc_2019-06-27.png,100.0
787,81999dbd-1379-4dcb-9d85-3362649f7abc_2023-05-02.png,10.0
788,81999dbd-1379-4dcb-9d85-3362649f7abc_2023-06-13.png,100.0
789,81999dbd-1379-4dcb-9d85-3362649f7abc_2023-06-27.png,100.0
790,81999dbd-1379-4dcb-9d85-3362649f7abc_2023-10-31.png,80.0
791,81999dbd-1379-4dcb-9d85-3362649f7abc_2023-12-05.png,90.0
792,81e890bb-2e31-44ff-a212-96af872e73a6_2018-04-04.png,100.0
793,824a21e3-7cfe-4aac-bf89-2cf8243b01ba_2019-06-27.png,100.0
794,824a21e3-7cfe-4aac-bf89-2cf8243b01ba_2023-10-31.png,100.0
795,8312e26e-b5ef-444b-88be-d2b855b3f357_2023-10-03.png,100.0
796,83d7db1d-e646-4351-9c46-db29444f83e0_2021-07-02.png,100.0
797,83d7db1d-e646-4351-9c46-db29444f83e0_2022-07-27.png,100.0
798,83d7db1d-e646-4351-9c46-db29444f83e0_2023-04-04.png,100.0
799,83d7db1d-e646-4351-9c46-db29444f83e0_2024-02-08.png,50.0
800,843dc5c8-6c57-4f89-8243-8591c7c2daf8_2019-04-24.png,0.0
801,84d91708-fdbc-44a6-b2fc-37ecb486dd10_2022-03-30.png,100.0
802,84d91708-fdbc-44a6-b2fc-37ecb486dd10_2022-10-27.png,100.0
803,84d91708-fdbc-44a6-b2fc-37ecb486dd10_2023-04-04.png,80.0
804,84d91708-fdbc-44a6-b2fc-37ecb486dd10_2023-05-23.png,5.0
805,85867a58-0f9f-4a67-9c39-cdfc2d777ecd_2023-03-28.png,100.0
806,85867a58-0f9f-4a67-9c39-cdfc2d777ecd_2023-04-04.png,100.0
807,85867a58-0f9f-4a67-9c39-cdfc2d777ecd_2023-06-13.png,100.0
808,85867a58-0f9f-4a67-9c39-cdfc2d777ecd_2023-10-31.png,100.0
809,85a4ec81-7842-4949-92f2-0a8400110d53_2023-05-02.png,100.0
810,85a4ec81-7842-4949-92f2-0a8400110d53_2024-02-15.png,100.0
811,85e738d8-e469-4f55-b0d5-9ea2bc9bebe9_2022-10-27.png,100.0
812,863c2193-248a-4de0-bf32-d1395a91147e_2023-03-28.png,3.0
813,863c2193-248a-4de0-bf32-d1395a91147e_2023-04-04.png,5.0
814,863c2193-248a-4de0-bf32-d1395a91147e_2023-06-13.png,100.0
815,863c2193-248a-4de0-bf32-d1395a91147e_2023-09-19.png,100.0
816,863c2193-248a-4de0-bf32-d1395a91147e_2023-10-31.png,100.0
817,88476338-757c-4c9b-8374-1545e2e63b02_2023-03-07.png,100.0
818,885e5ddb-25d8-474d-9010-30ec51bc7494_2023-03-07.png,83.0
819,88deda63-00ad-4813-a408-1b9ca3c28264_2018-04-04.png,100.0
820,88deda63-00ad-4813-a408-1b9ca3c28264_2023-03-07.png,100.0
821,8a88f828-908f-4387-b935-789eead423bd_2022-04-27.png,100.0
822,8af9376d-6b69-4c06-8b6c-d12d96e895ce_2023-03-07.png,100.0
823,8d31a737-4766-4d28-b30d-378074fa556a_2023-06-13.png,100.0
824,8dbf268d-1947-48ae-8185-23ab045a9cc8_2022-04-27.png,100.0
825,8dbf268d-1947-48ae-8185-23ab045a9cc8_2023-03-28.png,100.0
826,8dbf268d-1947-48ae-8185-23ab045a9cc8_2023-04-04.png,100.0
827,8dbf268d-1947-48ae-8185-23ab045a9cc8_2023-06-13.png,100.0
828,8e6e666c-577f-4fae-9d3a-7bbdbfb8cc18_2023-03-07.png,91.0
829,8f8b3d9c-9c59-445b-ab67-52d5489a9aad_2021-08-25.png,100.0
830,8f8c3257-cb40-416e-bf66-fee272e5b28c_2021-02-25.png,100.0
831,905834c1-dc83-4ad8-828e-6de23c2f6f2b_2021-08-25.png,100.0
832,9083daef-9855-4d4d-a78f-e17f06ad2ada_2020-09-21.png,100.0
833,9083daef-9855-4d4d-a78f-e17f06ad2ada_2023-09-19.png,100.0
834,9083daef-9855-4d4d-a78f-e17f06ad2ada_2023-10-31.png,80.0
835,9083daef-9855-4d4d-a78f-e17f06ad2ada_2024-02-08.png,100.0
836,909896cf-378e-4a6c-9d2f-a0b058b1c492_2023-04-04.png,50.0
837,909896cf-378e-4a6c-9d2f-a0b058b1c492_2023-05-23.png,50.0
838,909896cf-378e-4a6c-9d2f-a0b058b1c492_2023-06-13.png,50.0
839,909896cf-378e-4a6c-9d2f-a0b058b1c492_2023-09-19.png,100.0
840,90ccdd16-1d9a-4afc-bf13-5b84ac3a8b41_2024-02-08.png,5.0
841,90ccdd16-1d9a-4afc-bf13-5b84ac3a8b41_2024-02-15.png,0.0
842,90e61dde-498c-4991-a8e3-a617781d5e49_2022-04-27.png,100.0
843,90e61dde-498c-4991-a8e3-a617781d5e49_2023-03-07.png,100.0
844,91068e65-1490-4c53-8d76-8bd1b9b34abd_2024-02-08.png,100.0
845,91ccbba1-48be-4627-9fd1-37ecd9e012f9_2022-11-24.png,100.0
846,922bf85b-f020-438d-91b7-86a2b5645b25_2018-04-25.png,45.0
847,922bf85b-f020-438d-91b7-86a2b5645b25_2019-04-24.png,10.0
848,922bf85b-f020-438d-91b7-86a2b5645b25_2019-05-31.png,100.0
849,922bf85b-f020-438d-91b7-86a2b5645b25_2019-06-27.png,100.0
850,922bf85b-f020-438d-91b7-86a2b5645b25_2019-10-17.png,100.0
851,922bf85b-f020-438d-91b7-86a2b5645b25_2023-03-28.png,0.0
852,922bf85b-f020-438d-91b7-86a2b5645b25_2023-04-04.png,3.0
853,922bf85b-f020-438d-91b7-86a2b5645b25_2023-06-13.png,100.0
854,922bf85b-f020-438d-91b7-86a2b5645b25_2023-06-27.png,100.0
855,922bf85b-f020-438d-91b7-86a2b5645b25_2023-09-19.png,98.0
856,922bf85b-f020-438d-91b7-86a2b5645b25_2024-02-15.png,0.0
857,9231d07f-e076-41b3-a466-8a987a180394_2018-04-25.png,100.0
858,9231d07f-e076-41b3-a466-8a987a180394_2021-07-02.png,100.0
859,9231d07f-e076-41b3-a466-8a987a180394_2022-10-27.png,100.0
860,9231d07f-e076-41b3-a466-8a987a180394_2023-03-28.png,100.0
861,927de650-ec98-4e22-a8c8-2a47f56bf6f2_2018-04-04.png,100.0
862,927de650-ec98-4e22-a8c8-2a47f56bf6f2_2023-06-13.png,100.0
863,93cf9c4d-f5de-402b-9e92-4703b73b0d99_2018-04-25.png,100.0
864,93cf9c4d-f5de-402b-9e92-4703b73b0d99_2022-10-27.png,100.0
865,93cf9c4d-f5de-402b-9e92-4703b73b0d99_2022-11-24.png,100.0
866,93cf9c4d-f5de-402b-9e92-4703b73b0d99_2023-05-02.png,100.0
867,93cf9c4d-f5de-402b-9e92-4703b73b0d99_2023-06-13.png,100.0
868,93cf9c4d-f5de-402b-9e92-4703b73b0d99_2023-10-03.png,100.0
869,93cf9c4d-f5de-402b-9e92-4703b73b0d99_2024-02-08.png,100.0
870,93cf9c4d-f5de-402b-9e92-4703b73b0d99_2024-02-15.png,100.0
871,93d06e14-3d23-493c-a0b1-f74fd674eb46_2023-04-04.png,0.0
872,93d06e14-3d23-493c-a0b1-f74fd674eb46_2023-06-13.png,100.0
873,93d06e14-3d23-493c-a0b1-f74fd674eb46_2023-06-27.png,100.0
874,93d06e14-3d23-493c-a0b1-f74fd674eb46_2023-09-12.png,100.0
875,95306cf8-7a56-4b46-b4e2-de9737a67dac_2023-10-31.png,100.0
876,95306cf8-7a56-4b46-b4e2-de9737a67dac_2024-01-03.png,100.0
877,956396f0-265d-4b40-a637-ec6c91b799c9_2021-04-29.png,100.0
878,956396f0-265d-4b40-a637-ec6c91b799c9_2021-08-25.png,100.0
879,956396f0-265d-4b40-a637-ec6c91b799c9_2023-03-07.png,32.0
880,956396f0-265d-4b40-a637-ec6c91b799c9_2023-03-28.png,0.0
881,956396f0-265d-4b40-a637-ec6c91b799c9_2023-04-04.png,4.0
882,956396f0-265d-4b40-a637-ec6c91b799c9_2023-05-02.png,85.0
883,956396f0-265d-4b40-a637-ec6c91b799c9_2023-06-13.png,100.0
884,956396f0-265d-4b40-a637-ec6c91b799c9_2023-10-31.png,100.0
885,956396f0-265d-4b40-a637-ec6c91b799c9_2024-02-08.png,0.0
886,956396f0-265d-4b40-a637-ec6c91b799c9_2024-02-15.png,5.0
887,96972a17-e395-4aac-8b50-ab259000385e_2023-10-31.png,100.0
888,972d47ce-5ace-4a92-84a4-e5683f325f0c_2018-08-27.png,100.0
889,97c0f011-6016-4d4c-b7a8-1381a1d10202_2023-10-31.png,100.0
890,98c2c48b-b852-4703-ab5b-2d7a90a7bfca_2023-03-07.png,100.0
891,98c2c48b-b852-4703-ab5b-2d7a90a7bfca_2023-03-28.png,100.0
892,98c2c48b-b852-4703-ab5b-2d7a90a7bfca_2023-06-27.png,100.0
893,99bf53ec-5a88-4124-bb65-68d4a180c760_2023-04-04.png,3.0
894,9adf88db-a296-4aca-a8dc-3c6ed9493244_2018-08-27.png,100.0
895,9adf88db-a296-4aca-a8dc-3c6ed9493244_2022-04-27.png,37.0
896,9c142290-9011-4462-8228-4ec9b00a5bba_2018-04-25.png,100.0
897,9c90d645-e97c-4b24-a965-b2705f134b70_2023-03-07.png,100.0
898,9c90d645-e97c-4b24-a965-b2705f134b70_2023-05-02.png,100.0
899,9c90d645-e97c-4b24-a965-b2705f134b70_2023-06-27.png,100.0
900,9c90d645-e97c-4b24-a965-b2705f134b70_2023-10-31.png,100.0
901,9da726b1-2365-4ac8-a6a0-ef21227629b8_2018-08-27.png,0.0
902,9da726b1-2365-4ac8-a6a0-ef21227629b8_2021-08-25.png,100.0
903,9dc9ae4c-4da7-422d-84e1-69a630bdc828_2023-03-07.png,100.0
904,9e4a0d7c-d2b5-493e-809b-13fdc563c636_2023-06-13.png,100.0
905,9f1c84a1-5eca-4d4c-b2dc-fb31071985a2_2018-04-25.png,100.0
906,9f1c84a1-5eca-4d4c-b2dc-fb31071985a2_2019-04-24.png,100.0
907,9f1c84a1-5eca-4d4c-b2dc-fb31071985a2_2019-10-17.png,100.0
908,9f1c84a1-5eca-4d4c-b2dc-fb31071985a2_2020-09-21.png,100.0
909,9f1c84a1-5eca-4d4c-b2dc-fb31071985a2_2021-08-25.png,100.0
910,9f1c84a1-5eca-4d4c-b2dc-fb31071985a2_2022-04-27.png,100.0
911,9f1c84a1-5eca-4d4c-b2dc-fb31071985a2_2022-12-28.png,100.0
912,9f1c84a1-5eca-4d4c-b2dc-fb31071985a2_2023-03-28.png,100.0
913,9f1c84a1-5eca-4d4c-b2dc-fb31071985a2_2023-04-04.png,100.0
914,9f1c84a1-5eca-4d4c-b2dc-fb31071985a2_2023-05-02.png,100.0
915,9f1c84a1-5eca-4d4c-b2dc-fb31071985a2_2023-05-23.png,100.0
916,9f1c84a1-5eca-4d4c-b2dc-fb31071985a2_2023-06-13.png,100.0
917,9f1c84a1-5eca-4d4c-b2dc-fb31071985a2_2023-06-27.png,100.0
918,9f1c84a1-5eca-4d4c-b2dc-fb31071985a2_2023-09-12.png,100.0
919,9f1c84a1-5eca-4d4c-b2dc-fb31071985a2_2023-09-19.png,100.0
920,9f1c84a1-5eca-4d4c-b2dc-fb31071985a2_2023-10-31.png,100.0
921,9f1c84a1-5eca-4d4c-b2dc-fb31071985a2_2023-11-27.png,100.0
922,9f1c84a1-5eca-4d4c-b2dc-fb31071985a2_2024-02-08.png,100.0
923,9f1c84a1-5eca-4d4c-b2dc-fb31071985a2_2024-02-15.png,100.0
924,9f5fc156-0237-4f00-8ae1-c05aa5935e22_2018-08-27.png,100.0
925,9f5fc156-0237-4f00-8ae1-c05aa5935e22_2021-08-25.png,100.0
926,9f5fc156-0237-4f00-8ae1-c05aa5935e22_2023-03-28.png,100.0
927,9f5fc156-0237-4f00-8ae1-c05aa5935e22_2023-04-04.png,100.0
928,9f5fc156-0237-4f00-8ae1-c05aa5935e22_2023-05-23.png,100.0
929,9fcb7b36-238b-4036-a4cf-3f6171ca3740_2019-05-31.png,100.0
930,a02e67a3-512b-4671-baa6-af749a133ca1_2022-10-27.png,100.0
931,a0a34d1f-b2b2-4a07-b8a3-7ac2b4f2dffa_2023-04-04.png,100.0
932,a0a34d1f-b2b2-4a07-b8a3-7ac2b4f2dffa_2023-10-31.png,100.0
933,a0a34d1f-b2b2-4a07-b8a3-7ac2b4f2dffa_2023-11-27.png,100.0
934,a0a34d1f-b2b2-4a07-b8a3-7ac2b4f2dffa_2024-02-08.png,100.0
935,a0e634f1-304c-4f41-ab44-9d0b75eb4906_2018-04-04.png,49.0
936,a114c3c2-1bd8-4aa7-8891-3402f47eba0a_2023-04-04.png,0.0
937,a13d2be4-c7f8-446c-855c-21de2767b9d7_2023-04-04.png,100.0
938,a13d2be4-c7f8-446c-855c-21de2767b9d7_2023-09-19.png,100.0
939,a13d2be4-c7f8-446c-855c-21de2767b9d7_2023-10-31.png,100.0
940,a1b8ea4c-fbea-434c-a2f5-d3b57ed5000e_2023-09-12.png,100.0
941,a230d4dd-a9f9-4aa0-8432-ae08e0067648_2019-06-27.png,100.0
942,a230d4dd-a9f9-4aa0-8432-ae08e0067648_2021-07-02.png,100.0
943,a230d4dd-a9f9-4aa0-8432-ae08e0067648_2022-07-27.png,100.0
944,a230d4dd-a9f9-4aa0-8432-ae08e0067648_2022-10-27.png,100.0
945,a230d4dd-a9f9-4aa0-8432-ae08e0067648_2023-05-02.png,3.0
946,a230d4dd-a9f9-4aa0-8432-ae08e0067648_2023-05-23.png,0.0
947,a230d4dd-a9f9-4aa0-8432-ae08e0067648_2023-06-13.png,100.0
948,a230d4dd-a9f9-4aa0-8432-ae08e0067648_2023-06-27.png,100.0
949,a230d4dd-a9f9-4aa0-8432-ae08e0067648_2023-09-19.png,100.0
950,a230d4dd-a9f9-4aa0-8432-ae08e0067648_2024-02-08.png,98.0
951,a2d73a3a-ba82-4339-a999-75f2730543a2_2022-10-27.png,100.0
952,a30c93d4-9c1c-461d-8690-be2592f775ff_2019-04-24.png,5.0
953,a30c93d4-9c1c-461d-8690-be2592f775ff_2023-10-31.png,97.0
954,a32e337b-58c9-43f1-86e2-b13e7bce55ff_2023-10-31.png,100.0
955,a366d4f8-2abc-4a52-aefe-20f8466233db_2018-04-25.png,80.0
956,a366d4f8-2abc-4a52-aefe-20f8466233db_2021-08-25.png,100.0
957,a366d4f8-2abc-4a52-aefe-20f8466233db_2022-10-27.png,100.0
958,a366d4f8-2abc-4a52-aefe-20f8466233db_2022-11-24.png,100.0
959,a366d4f8-2abc-4a52-aefe-20f8466233db_2023-05-02.png,10.0
960,a366d4f8-2abc-4a52-aefe-20f8466233db_2023-05-23.png,0.0
961,a366d4f8-2abc-4a52-aefe-20f8466233db_2023-06-13.png,100.0
962,a366d4f8-2abc-4a52-aefe-20f8466233db_2023-10-31.png,100.0
963,a366d4f8-2abc-4a52-aefe-20f8466233db_2024-01-03.png,100.0
964,a42f8633-4ba9-41af-b907-f44ea6c492af_2018-04-04.png,10.0
965,a42f8633-4ba9-41af-b907-f44ea6c492af_2018-04-25.png,5.0
966,a42f8633-4ba9-41af-b907-f44ea6c492af_2019-04-24.png,0.0
967,a42f8633-4ba9-41af-b907-f44ea6c492af_2019-10-17.png,100.0
968,a42f8633-4ba9-41af-b907-f44ea6c492af_2022-07-27.png,100.0
969,a42f8633-4ba9-41af-b907-f44ea6c492af_2023-03-28.png,0.0
970,a42f8633-4ba9-41af-b907-f44ea6c492af_2023-10-31.png,100.0
971,a42f8633-4ba9-41af-b907-f44ea6c492af_2024-02-08.png,86.0
972,a42f8633-4ba9-41af-b907-f44ea6c492af_2024-02-15.png,50.0
973,a46ebe25-eef4-45b6-847d-4156e3654773_2021-08-25.png,100.0
974,a4754835-3609-4f7b-a756-02bf099dc0f9_2023-03-07.png,100.0
975,a4a9ea87-c99a-4fac-9e0c-c743b17113ca_2023-04-04.png,0.0
976,a4d55d97-9985-4c83-bce4-440eed3a6657_2022-11-24.png,100.0
977,a53ef977-6375-4f43-a45a-09e6655add4b_2023-03-07.png,0.0
978,a7e157d9-bd92-4e35-9428-b0d1436e0dcd_2023-10-31.png,100.0
979,a9fbce15-5d86-432a-93a4-9ee6f0bfb19e_2018-08-27.png,90.0
980,a9fbce15-5d86-432a-93a4-9ee6f0bfb19e_2019-10-17.png,75.0
981,a9fbce15-5d86-432a-93a4-9ee6f0bfb19e_2020-09-21.png,0.0
982,ab976b5f-81cc-46b3-ad16-93a92f53c428_2022-04-27.png,100.0
983,ab976b5f-81cc-46b3-ad16-93a92f53c428_2023-06-13.png,100.0
984,abaeef32-4b66-4eda-b2b9-53a4995bff29_2019-05-31.png,100.0
985,abbce072-cfe2-4739-824b-e74db6904286_2023-06-13.png,100.0
986,abbce072-cfe2-4739-824b-e74db6904286_2023-11-27.png,100.0
987,abbce072-cfe2-4739-824b-e74db6904286_2024-02-08.png,98.0
988,abbce072-cfe2-4739-824b-e74db6904286_2024-02-15.png,100.0
989,ad16e4af-f201-4d63-8d78-59e2639f43a6_2021-08-25.png,100.0
990,ad8878ea-6354-4fb7-a617-cd0fadf76443_2023-03-21.png,100.0
991,ad8878ea-6354-4fb7-a617-cd0fadf76443_2023-05-02.png,100.0
992,afea4bbb-4b60-4181-9880-1b015843f92c_2019-05-31.png,100.0
993,affa2f29-d645-45c9-aa38-2f2d9fc63456_2023-10-03.png,96.0
994,b0e0daf6-3d04-4565-ad3f-42b83e21c188_2018-04-04.png,100.0
995,b0e0daf6-3d04-4565-ad3f-42b83e21c188_2018-04-25.png,100.0
996,b0e0daf6-3d04-4565-ad3f-42b83e21c188_2018-08-27.png,100.0
997,b0e0daf6-3d04-4565-ad3f-42b83e21c188_2019-06-27.png,99.0
998,b0e0daf6-3d04-4565-ad3f-42b83e21c188_2019-10-17.png,100.0
999,b0e0daf6-3d04-4565-ad3f-42b83e21c188_2021-07-02.png,100.0
1000,b0e0daf6-3d04-4565-ad3f-42b83e21c188_2022-07-27.png,0.0
1001,b0e0daf6-3d04-4565-ad3f-42b83e21c188_2022-10-27.png,100.0
1002,b0e0daf6-3d04-4565-ad3f-42b83e21c188_2022-11-24.png,100.0
1003,b0e0daf6-3d04-4565-ad3f-42b83e21c188_2022-12-28.png,100.0
1004,b0e0daf6-3d04-4565-ad3f-42b83e21c188_2023-03-07.png,81.0
1005,b0e0daf6-3d04-4565-ad3f-42b83e21c188_2023-03-28.png,85.0
1006,b0e0daf6-3d04-4565-ad3f-42b83e21c188_2023-05-02.png,0.0
1007,b0e0daf6-3d04-4565-ad3f-42b83e21c188_2023-05-23.png,100.0
1008,b0e0daf6-3d04-4565-ad3f-42b83e21c188_2023-06-13.png,100.0
1009,b0e0daf6-3d04-4565-ad3f-42b83e21c188_2023-06-27.png,100.0
1010,b0e0daf6-3d04-4565-ad3f-42b83e21c188_2023-09-12.png,100.0
1011,b0e0daf6-3d04-4565-ad3f-42b83e21c188_2023-09-19.png,100.0
1012,b0e0daf6-3d04-4565-ad3f-42b83e21c188_2023-10-03.png,100.0
1013,b0e0daf6-3d04-4565-ad3f-42b83e21c188_2023-10-31.png,100.0
1014,b0e0daf6-3d04-4565-ad3f-42b83e21c188_2023-11-27.png,0.0
1015,b0e0daf6-3d04-4565-ad3f-42b83e21c188_2024-01-03.png,0.0
1016,b0e0daf6-3d04-4565-ad3f-42b83e21c188_2024-02-08.png,0.0
1017,b0e0daf6-3d04-4565-ad3f-42b83e21c188_2024-02-15.png,0.0
1018,b12963c8-dd0c-4232-b0af-ebf221728922_2023-03-07.png,100.0
1019,b19d8062-e35f-431c-852f-f7f1adf57f02_2018-04-04.png,100.0
1020,b19d8062-e35f-431c-852f-f7f1adf57f02_2018-04-25.png,100.0
1021,b19d8062-e35f-431c-852f-f7f1adf57f02_2018-08-27.png,100.0
1022,b19d8062-e35f-431c-852f-f7f1adf57f02_2019-04-24.png,100.0
1023,b19d8062-e35f-431c-852f-f7f1adf57f02_2019-10-17.png,100.0
1024,b19d8062-e35f-431c-852f-f7f1adf57f02_2021-07-02.png,100.0
1025,b19d8062-e35f-431c-852f-f7f1adf57f02_2022-04-27.png,100.0
1026,b19d8062-e35f-431c-852f-f7f1adf57f02_2022-07-27.png,100.0
1027,b19d8062-e35f-431c-852f-f7f1adf57f02_2022-11-24.png,100.0
1028,b19d8062-e35f-431c-852f-f7f1adf57f02_2023-03-21.png,100.0
1029,b19d8062-e35f-431c-852f-f7f1adf57f02_2023-06-13.png,100.0
1030,b19d8062-e35f-431c-852f-f7f1adf57f02_2023-09-19.png,100.0
1031,b19d8062-e35f-431c-852f-f7f1adf57f02_2023-10-31.png,100.0
1032,b19d8062-e35f-431c-852f-f7f1adf57f02_2024-01-03.png,0.0
1033,b1a92135-9138-447c-b2e9-ccaa6e89f1a4_2022-03-30.png,0.0
1034,b2a7feb6-789b-48e1-a556-a2b081179b02_2023-03-07.png,100.0
1035,b2a7feb6-789b-48e1-a556-a2b081179b02_2024-02-15.png,100.0
1036,b34a4e20-240d-4cfe-b043-c3083cc11fb9_2018-04-04.png,100.0
1037,b34a4e20-240d-4cfe-b043-c3083cc11fb9_2018-04-25.png,100.0
1038,b34a4e20-240d-4cfe-b043-c3083cc11fb9_2022-07-27.png,100.0
1039,b34a4e20-240d-4cfe-b043-c3083cc11fb9_2022-10-27.png,100.0
1040,b34a4e20-240d-4cfe-b043-c3083cc11fb9_2022-11-24.png,100.0
1041,b34a4e20-240d-4cfe-b043-c3083cc11fb9_2023-05-02.png,100.0
1042,b3a785e1-c8d4-4a44-9775-4048d4827e2d_2022-04-27.png,10.0
1043,b3a785e1-c8d4-4a44-9775-4048d4827e2d_2023-03-07.png,43.0
1044,b46f9eca-3c1a-4e32-ace7-a26cd80f1bed_2023-10-31.png,100.0
1045,b49d3251-b3d5-4210-ad8b-36a969ebd558_2024-01-03.png,100.0
1046,b5133434-1910-4069-9e34-899fac89dea3_2020-09-21.png,95.0
1047,b5133434-1910-4069-9e34-899fac89dea3_2021-07-02.png,80.0
1048,b5133434-1910-4069-9e34-899fac89dea3_2022-10-27.png,10.0
1049,b5133434-1910-4069-9e34-899fac89dea3_2022-11-24.png,0.0
1050,b5133434-1910-4069-9e34-899fac89dea3_2022-12-28.png,0.0
1051,b5133434-1910-4069-9e34-899fac89dea3_2023-03-07.png,0.0
1052,b5133434-1910-4069-9e34-899fac89dea3_2023-09-12.png,98.0
1053,b5c7e66c-b3f3-4728-be7b-69f829d2117f_2018-04-04.png,100.0
1054,b5c7e66c-b3f3-4728-be7b-69f829d2117f_2018-04-25.png,95.0
1055,b5c7e66c-b3f3-4728-be7b-69f829d2117f_2019-10-17.png,100.0
1056,b5c7e66c-b3f3-4728-be7b-69f829d2117f_2022-04-27.png,100.0
1057,b5c7e66c-b3f3-4728-be7b-69f829d2117f_2023-04-04.png,85.0
1058,b5c7e66c-b3f3-4728-be7b-69f829d2117f_2023-05-02.png,100.0
1059,b5c7e66c-b3f3-4728-be7b-69f829d2117f_2023-05-23.png,40.0
1060,b64d553c-5249-4054-92c2-17f38034c737_2018-04-04.png,20.0
1061,b64d553c-5249-4054-92c2-17f38034c737_2018-04-25.png,15.0
1062,b64d553c-5249-4054-92c2-17f38034c737_2019-04-24.png,0.0
1063,b64d553c-5249-4054-92c2-17f38034c737_2019-06-27.png,100.0
1064,b64d553c-5249-4054-92c2-17f38034c737_2019-10-17.png,98.0
1065,b64d553c-5249-4054-92c2-17f38034c737_2021-07-02.png,100.0
1066,b64d553c-5249-4054-92c2-17f38034c737_2022-04-27.png,0.0
1067,b64d553c-5249-4054-92c2-17f38034c737_2022-11-24.png,100.0
1068,b64d553c-5249-4054-92c2-17f38034c737_2022-12-28.png,100.0
1069,b64d553c-5249-4054-92c2-17f38034c737_2023-03-28.png,20.0
1070,b64d553c-5249-4054-92c2-17f38034c737_2023-04-04.png,15.0
1071,b64d553c-5249-4054-92c2-17f38034c737_2023-05-23.png,0.0
1072,b64d553c-5249-4054-92c2-17f38034c737_2023-06-13.png,100.0
1073,b64d553c-5249-4054-92c2-17f38034c737_2023-06-27.png,100.0
1074,b64d553c-5249-4054-92c2-17f38034c737_2023-09-12.png,100.0
1075,b64d553c-5249-4054-92c2-17f38034c737_2023-09-19.png,100.0
1076,b64d553c-5249-4054-92c2-17f38034c737_2023-11-27.png,100.0
1077,b64d553c-5249-4054-92c2-17f38034c737_2024-01-03.png,100.0
1078,b64d553c-5249-4054-92c2-17f38034c737_2024-02-08.png,98.0
1079,b64d553c-5249-4054-92c2-17f38034c737_2024-02-15.png,98.0
1080,b6520505-c1a1-476a-8f51-4579495dca18_2023-10-31.png,100.0
1081,b670ef23-b0e8-4309-a1e5-d356b869b3df_2019-06-27.png,100.0
1082,b670ef23-b0e8-4309-a1e5-d356b869b3df_2023-10-31.png,100.0
1083,b77bd986-9710-4b49-994d-5ae52e1b5be5_2018-04-04.png,0.0
1084,b77bd986-9710-4b49-994d-5ae52e1b5be5_2022-10-27.png,0.0
1085,b77bd986-9710-4b49-994d-5ae52e1b5be5_2024-02-15.png,0.0
1086,b7fd0822-091d-4b11-b954-c64aa0295c46_2019-10-17.png,100.0
1087,b8467e7c-99b6-4307-9157-9ba6629a404f_2023-03-07.png,100.0
1088,b8575e32-a1bf-4eac-9e06-7488308f7ba0_2020-09-21.png,100.0
1089,b8575e32-a1bf-4eac-9e06-7488308f7ba0_2023-03-28.png,100.0
1090,b8575e32-a1bf-4eac-9e06-7488308f7ba0_2023-04-04.png,100.0
1091,b8575e32-a1bf-4eac-9e06-7488308f7ba0_2024-02-08.png,100.0
1092,ba2edd69-82d8-446b-aa02-91cf32cc991a_2023-03-28.png,3.0
1093,ba68b875-98e6-4b7b-912f-c0fb82c4296f_2018-04-04.png,100.0
1094,ba68b875-98e6-4b7b-912f-c0fb82c4296f_2018-08-27.png,100.0
1095,ba68b875-98e6-4b7b-912f-c0fb82c4296f_2021-04-29.png,100.0
1096,ba68b875-98e6-4b7b-912f-c0fb82c4296f_2023-03-28.png,100.0
1097,ba68b875-98e6-4b7b-912f-c0fb82c4296f_2023-05-02.png,100.0
1098,ba68b875-98e6-4b7b-912f-c0fb82c4296f_2023-05-23.png,100.0
1099,ba68b875-98e6-4b7b-912f-c0fb82c4296f_2023-06-13.png,100.0
1100,ba68b875-98e6-4b7b-912f-c0fb82c4296f_2023-10-31.png,100.0
1101,badee35d-7b09-4d87-9b4a-b052af7c3749_2018-04-04.png,0.0
1102,bb7afa4a-f137-4feb-9ae0-26a18d6006b8_2019-07-24.png,100.0
1103,bb7afa4a-f137-4feb-9ae0-26a18d6006b8_2023-10-31.png,100.0
1104,bc0357e7-1bf6-4aa0-a504-880285dbbb37_2023-10-31.png,100.0
1105,bc9f469f-e84a-45d2-8b09-262e0f7b58df_2023-03-07.png,0.0
1106,bcbab2f5-feee-4042-86bb-6e3a76b00832_2022-10-27.png,100.0
1107,bcbab2f5-feee-4042-86bb-6e3a76b00832_2023-03-28.png,100.0
1108,bcbab2f5-feee-4042-86bb-6e3a76b00832_2023-05-02.png,100.0
1109,bcbab2f5-feee-4042-86bb-6e3a76b00832_2023-05-23.png,100.0
1110,bcbab2f5-feee-4042-86bb-6e3a76b00832_2023-06-13.png,100.0
1111,bcf59fd0-ef26-40d0-9f77-91800fe1b656_2023-10-31.png,100.0
1112,bcf66f6c-8b4c-43b0-b619-5903d8f61152_2018-08-27.png,100.0
1113,bcf66f6c-8b4c-43b0-b619-5903d8f61152_2023-03-21.png,100.0
1114,bcf66f6c-8b4c-43b0-b619-5903d8f61152_2023-03-28.png,100.0
1115,bcf66f6c-8b4c-43b0-b619-5903d8f61152_2023-04-04.png,100.0
1116,bcf66f6c-8b4c-43b0-b619-5903d8f61152_2023-09-19.png,100.0
1117,bcf66f6c-8b4c-43b0-b619-5903d8f61152_2023-10-31.png,100.0
1118,bd3a2cef-f5b0-45ec-b21d-9ee281f1a918_2021-07-02.png,100.0
1119,bd3a8c35-d563-45c8-b079-8d8c7ec6b322_2023-05-02.png,100.0
1120,be0b17ba-8406-4b73-a08d-995eb8107546_2022-04-27.png,84.0
1121,bf623767-21ef-4bd3-88ff-c8d3cbc6d3ff_2022-03-30.png,92.0
1122,bf9575f3-3ca6-4b06-89be-a2759b910225_2018-04-25.png,100.0
1123,bf9575f3-3ca6-4b06-89be-a2759b910225_2022-07-27.png,100.0
1124,bf9575f3-3ca6-4b06-89be-a2759b910225_2023-05-02.png,97.0
1125,c01ad22b-ab41-4ac6-86d9-2146067cb98f_2021-08-25.png,100.0
1126,c0441a9c-8746-4a43-83a4-a052c52db4d3_2023-06-13.png,100.0
1127,c0441a9c-8746-4a43-83a4-a052c52db4d3_2023-09-19.png,100.0
1128,c0441a9c-8746-4a43-83a4-a052c52db4d3_2023-10-31.png,100.0
1129,c07af1f7-2569-44e9-97a2-c59db9c1f030_2023-06-13.png,100.0
1130,c1113234-688e-4ccc-ba47-c8f49f9e8cab_2018-04-25.png,100.0
1131,c13b0b46-8b62-4fcf-bc3b-1863606b581d_2023-03-28.png,0.0
1132,c13b0b46-8b62-4fcf-bc3b-1863606b581d_2023-09-19.png,100.0
1133,c1631b71-e3df-4b44-9c62-c587197bd7d4_2019-06-27.png,100.0
1134,c1631b71-e3df-4b44-9c62-c587197bd7d4_2021-07-02.png,100.0
1135,c1631b71-e3df-4b44-9c62-c587197bd7d4_2022-10-27.png,100.0
1136,c1631b71-e3df-4b44-9c62-c587197bd7d4_2022-12-28.png,100.0
1137,c1631b71-e3df-4b44-9c62-c587197bd7d4_2023-06-13.png,100.0
1138,c1631b71-e3df-4b44-9c62-c587197bd7d4_2023-09-19.png,100.0
1139,c1631b71-e3df-4b44-9c62-c587197bd7d4_2023-10-31.png,100.0
1140,c1631b71-e3df-4b44-9c62-c587197bd7d4_2024-01-03.png,100.0
1141,c1631b71-e3df-4b44-9c62-c587197bd7d4_2024-02-15.png,0.0
1142,c1b851e9-a1f0-46eb-a056-1a157ad9f56c_2023-10-31.png,100.0
1143,c39f414d-7bae-48a2-8657-1e7b9484d307_2018-08-27.png,100.0
1144,c3c57416-dab7-4b72-9dea-2a6cc42f431e_2019-10-17.png,100.0
1145,c3c57416-dab7-4b72-9dea-2a6cc42f431e_2023-10-31.png,100.0
1146,c5628eaf-3383-4ab8-98e6-29c9f6c2d796_2018-04-04.png,100.0
1147,c5628eaf-3383-4ab8-98e6-29c9f6c2d796_2018-04-25.png,100.0
1148,c5628eaf-3383-4ab8-98e6-29c9f6c2d796_2019-04-24.png,100.0
1149,c5628eaf-3383-4ab8-98e6-29c9f6c2d796_2021-08-25.png,100.0
1150,c5628eaf-3383-4ab8-98e6-29c9f6c2d796_2022-10-27.png,100.0
1151,c5628eaf-3383-4ab8-98e6-29c9f6c2d796_2023-05-02.png,75.0
1152,c5628eaf-3383-4ab8-98e6-29c9f6c2d796_2023-05-23.png,100.0
1153,c5628eaf-3383-4ab8-98e6-29c9f6c2d796_2023-06-13.png,100.0
1154,c5628eaf-3383-4ab8-98e6-29c9f6c2d796_2023-09-19.png,100.0
1155,c5628eaf-3383-4ab8-98e6-29c9f6c2d796_2023-10-31.png,100.0
1156,c5628eaf-3383-4ab8-98e6-29c9f6c2d796_2024-01-03.png,100.0
1157,c5628eaf-3383-4ab8-98e6-29c9f6c2d796_2024-02-08.png,100.0
1158,c589e8a1-36be-44b3-b7d3-aa5dcb1a1da5_2018-04-04.png,100.0
1159,c589e8a1-36be-44b3-b7d3-aa5dcb1a1da5_2018-04-25.png,100.0
1160,c589e8a1-36be-44b3-b7d3-aa5dcb1a1da5_2021-07-02.png,100.0
1161,c589e8a1-36be-44b3-b7d3-aa5dcb1a1da5_2021-08-25.png,100.0
1162,c589e8a1-36be-44b3-b7d3-aa5dcb1a1da5_2022-07-27.png,100.0
1163,c589e8a1-36be-44b3-b7d3-aa5dcb1a1da5_2023-03-21.png,100.0
1164,c589e8a1-36be-44b3-b7d3-aa5dcb1a1da5_2023-04-04.png,100.0
1165,c589e8a1-36be-44b3-b7d3-aa5dcb1a1da5_2023-09-12.png,100.0
1166,c610d05b-81e1-4611-a573-e9719f8cc0c4_2018-04-25.png,30.0
1167,c610d05b-81e1-4611-a573-e9719f8cc0c4_2018-05-23.png,50.0
1168,c610d05b-81e1-4611-a573-e9719f8cc0c4_2018-08-27.png,100.0
1169,c610d05b-81e1-4611-a573-e9719f8cc0c4_2019-06-27.png,100.0
1170,c610d05b-81e1-4611-a573-e9719f8cc0c4_2019-10-17.png,100.0
1171,c610d05b-81e1-4611-a573-e9719f8cc0c4_2020-09-21.png,100.0
1172,c610d05b-81e1-4611-a573-e9719f8cc0c4_2021-07-02.png,100.0
1173,c610d05b-81e1-4611-a573-e9719f8cc0c4_2021-12-28.png,100.0
1174,c610d05b-81e1-4611-a573-e9719f8cc0c4_2022-10-27.png,100.0
1175,c610d05b-81e1-4611-a573-e9719f8cc0c4_2022-11-24.png,100.0
1176,c610d05b-81e1-4611-a573-e9719f8cc0c4_2023-03-28.png,20.0
1177,c610d05b-81e1-4611-a573-e9719f8cc0c4_2023-04-04.png,25.0
1178,c610d05b-81e1-4611-a573-e9719f8cc0c4_2023-05-02.png,0.0
1179,c610d05b-81e1-4611-a573-e9719f8cc0c4_2023-05-23.png,100.0
1180,c610d05b-81e1-4611-a573-e9719f8cc0c4_2023-09-12.png,100.0
1181,c610d05b-81e1-4611-a573-e9719f8cc0c4_2023-10-03.png,100.0
1182,c610d05b-81e1-4611-a573-e9719f8cc0c4_2023-10-31.png,100.0
1183,c610d05b-81e1-4611-a573-e9719f8cc0c4_2024-02-08.png,90.0
1184,c774b96e-c1a4-47e0-9c36-9bdbe97fc832_2023-11-27.png,0.0
1185,c774b96e-c1a4-47e0-9c36-9bdbe97fc832_2024-01-03.png,0.0
1186,c774b96e-c1a4-47e0-9c36-9bdbe97fc832_2024-02-08.png,0.0
1187,c7adf02f-ac80-48ef-a989-5846041065a0_2022-07-27.png,100.0
1188,c7adf02f-ac80-48ef-a989-5846041065a0_2022-10-27.png,100.0
1189,c7adf02f-ac80-48ef-a989-5846041065a0_2022-11-24.png,100.0
1190,c7b03902-df0e-4e86-835e-276a1aaa2402_2023-03-28.png,100.0
1191,c9b370cf-7307-4da4-9c5a-e9f3eecf7d3e_2018-04-25.png,85.0
1192,ca14b473-3bcd-4319-818d-1ef99c64f348_2018-08-27.png,100.0
1193,ca62ce75-ebc7-4370-87b6-b24b1ca926a8_2023-03-28.png,100.0
1194,ca62ce75-ebc7-4370-87b6-b24b1ca926a8_2023-06-13.png,100.0
1195,cc552e32-ad76-4f15-9f58-2be21c35138a_2022-04-27.png,100.0
1196,cc84ad69-ce8f-493a-ab24-32015f11c567_2018-05-23.png,100.0
1197,ccfbdab4-92b2-440b-a773-ef51ecb5e76d_2018-04-04.png,100.0
1198,ccfbdab4-92b2-440b-a773-ef51ecb5e76d_2018-04-25.png,0.0
1199,ccfbdab4-92b2-440b-a773-ef51ecb5e76d_2018-05-23.png,100.0
1200,ccfbdab4-92b2-440b-a773-ef51ecb5e76d_2019-05-31.png,100.0
1201,ccfbdab4-92b2-440b-a773-ef51ecb5e76d_2019-10-17.png,100.0
1202,ccfbdab4-92b2-440b-a773-ef51ecb5e76d_2021-12-28.png,100.0
1203,ccfbdab4-92b2-440b-a773-ef51ecb5e76d_2022-10-27.png,100.0
1204,ccfbdab4-92b2-440b-a773-ef51ecb5e76d_2022-11-24.png,100.0
1205,ccfbdab4-92b2-440b-a773-ef51ecb5e76d_2023-04-04.png,100.0
1206,ccfbdab4-92b2-440b-a773-ef51ecb5e76d_2023-06-13.png,100.0
1207,ccfbdab4-92b2-440b-a773-ef51ecb5e76d_2023-11-27.png,0.0
1208,ccfbdab4-92b2-440b-a773-ef51ecb5e76d_2024-01-03.png,100.0
1209,ccfbdab4-92b2-440b-a773-ef51ecb5e76d_2024-02-15.png,100.0
1210,cf2a56ca-0f9e-4c8d-924b-78693552eea8_2018-08-27.png,35.0
1211,cf2a56ca-0f9e-4c8d-924b-78693552eea8_2019-10-17.png,95.0
1212,cf2a56ca-0f9e-4c8d-924b-78693552eea8_2022-11-24.png,10.0
1213,d0f35899-8ad2-4738-a876-1c60e0aea8f8_2018-04-25.png,100.0
1214,d10be8a3-1565-48c5-96bd-406ce3ff36b2_2023-04-04.png,0.0
1215,d10be8a3-1565-48c5-96bd-406ce3ff36b2_2024-02-08.png,0.0
1216,d1d6273f-2936-44b6-8266-ba25f8394aa9_2019-06-27.png,100.0
1217,d1d6273f-2936-44b6-8266-ba25f8394aa9_2021-07-02.png,100.0
1218,d1d6273f-2936-44b6-8266-ba25f8394aa9_2023-05-02.png,0.0
1219,d1d6273f-2936-44b6-8266-ba25f8394aa9_2023-05-23.png,0.0
1220,d32adab7-f6ca-4d86-a6a0-f26984f30949_2024-02-08.png,0.0
1221,d32adab7-f6ca-4d86-a6a0-f26984f30949_2024-02-15.png,0.0
1222,d42aa33f-3388-4d16-bedf-548131114191_2023-10-31.png,100.0
1223,d446e276-ab4f-4c54-b07e-2b9d926b126f_2019-05-31.png,50.0
1224,d47b3678-9f11-4811-9930-c969df5fac0e_2018-04-25.png,0.0
1225,d47b3678-9f11-4811-9930-c969df5fac0e_2019-04-24.png,0.0
1226,d47b3678-9f11-4811-9930-c969df5fac0e_2019-06-27.png,100.0
1227,d47b3678-9f11-4811-9930-c969df5fac0e_2019-10-17.png,100.0
1228,d47b3678-9f11-4811-9930-c969df5fac0e_2020-09-21.png,100.0
1229,d47b3678-9f11-4811-9930-c969df5fac0e_2022-07-27.png,100.0
1230,d47b3678-9f11-4811-9930-c969df5fac0e_2022-10-27.png,100.0
1231,d47b3678-9f11-4811-9930-c969df5fac0e_2022-11-24.png,100.0
1232,d47b3678-9f11-4811-9930-c969df5fac0e_2023-03-21.png,0.0
1233,d47b3678-9f11-4811-9930-c969df5fac0e_2023-03-28.png,0.0
1234,d47b3678-9f11-4811-9930-c969df5fac0e_2023-05-23.png,100.0
1235,d47b3678-9f11-4811-9930-c969df5fac0e_2023-06-13.png,100.0
1236,d47b3678-9f11-4811-9930-c969df5fac0e_2023-06-27.png,100.0
1237,d47b3678-9f11-4811-9930-c969df5fac0e_2023-09-12.png,100.0
1238,d47b3678-9f11-4811-9930-c969df5fac0e_2023-09-19.png,100.0
1239,d47b3678-9f11-4811-9930-c969df5fac0e_2023-10-31.png,100.0
1240,d47b3678-9f11-4811-9930-c969df5fac0e_2024-02-08.png,60.0
1241,d47b3678-9f11-4811-9930-c969df5fac0e_2024-02-15.png,20.0
1242,d4ab4af5-816a-4d39-9967-b2d9dbd1cf66_2018-04-04.png,95.0
1243,d4ac59df-2803-4f31-9312-cb44b8b2c95f_2023-03-07.png,50.0
1244,d574d73e-9c28-4a45-baa7-bb935c1246db_2022-10-27.png,100.0
1245,d574d73e-9c28-4a45-baa7-bb935c1246db_2022-11-24.png,100.0
1246,d574d73e-9c28-4a45-baa7-bb935c1246db_2023-11-27.png,100.0
1247,d5e9d78e-51d8-41fc-bd18-0204a167cf73_2023-03-07.png,0.0
1248,d6037f14-e0b7-4093-a7fa-70db99defcd7_2019-10-17.png,85.0
1249,d6b6e4ed-8feb-499a-838c-a788619747da_2018-04-04.png,0.0
1250,d6b6e4ed-8feb-499a-838c-a788619747da_2018-04-25.png,100.0
1251,d6b6e4ed-8feb-499a-838c-a788619747da_2018-08-27.png,100.0
1252,d6b6e4ed-8feb-499a-838c-a788619747da_2021-02-25.png,80.0
1253,d6b6e4ed-8feb-499a-838c-a788619747da_2021-07-02.png,100.0
1254,d6b6e4ed-8feb-499a-838c-a788619747da_2022-11-24.png,100.0
1255,d6b6e4ed-8feb-499a-838c-a788619747da_2023-03-28.png,0.0
1256,d6b6e4ed-8feb-499a-838c-a788619747da_2023-04-04.png,0.0
1257,d6b6e4ed-8feb-499a-838c-a788619747da_2023-06-13.png,100.0
1258,d6b6e4ed-8feb-499a-838c-a788619747da_2023-06-27.png,100.0
1259,d6b6e4ed-8feb-499a-838c-a788619747da_2023-09-19.png,100.0
1260,d6b6e4ed-8feb-499a-838c-a788619747da_2023-10-31.png,100.0
1261,d6b6e4ed-8feb-499a-838c-a788619747da_2024-02-08.png,0.0
1262,d6b6e4ed-8feb-499a-838c-a788619747da_2024-02-15.png,0.0
1263,d758611e-19bc-4281-ae0a-b7b87f87234c_2023-05-23.png,0.0
1264,d79de1da-2d84-460a-bdfe-cf9abc9a5832_2018-08-27.png,65.0
1265,d9ce4645-ab72-411b-a288-bf4cf68992c5_2022-11-24.png,5.0
1266,d9ce4645-ab72-411b-a288-bf4cf68992c5_2022-12-28.png,0.0
1267,d9ce4645-ab72-411b-a288-bf4cf68992c5_2023-03-28.png,0.0
1268,da667964-dead-4d55-b48d-11f9a1adc747_2020-09-21.png,100.0
1269,daafdede-11d2-48f0-a7fb-a5551de01aa5_2018-04-04.png,0.0
1270,daafdede-11d2-48f0-a7fb-a5551de01aa5_2022-04-27.png,0.0
1271,daafdede-11d2-48f0-a7fb-a5551de01aa5_2023-03-28.png,0.0
1272,daafdede-11d2-48f0-a7fb-a5551de01aa5_2023-04-04.png,0.0
1273,daafdede-11d2-48f0-a7fb-a5551de01aa5_2023-05-23.png,0.0
1274,daafdede-11d2-48f0-a7fb-a5551de01aa5_2024-02-15.png,0.0
1275,dc0450fd-a432-4654-b90a-a8dbb7bba312_2018-08-27.png,100.0
1276,dc0450fd-a432-4654-b90a-a8dbb7bba312_2023-05-02.png,100.0
1277,dd8dea52-48dc-41c0-8974-4026e8d6882c_2023-03-07.png,75.0
1278,de11522b-0599-4911-a0f9-91135c58d785_2023-04-04.png,25.0
1279,dee5e5fa-21bf-463b-a934-fe24efd7d7df_2023-10-31.png,100.0
1280,df3a7aaa-6272-470b-aa03-5432094da61d_2019-05-31.png,100.0
1281,df580cb8-5c0a-4911-8e17-ac3ad4b032fc_2020-09-21.png,100.0
1282,df9bf6af-f1bb-49b5-a10a-e3dabc42cb11_2023-03-07.png,100.0
1283,e03db8cf-6139-4e0b-96da-27a7b4d68ef8_2018-04-04.png,65.0
1284,e03db8cf-6139-4e0b-96da-27a7b4d68ef8_2018-04-25.png,5.0
1285,e03db8cf-6139-4e0b-96da-27a7b4d68ef8_2018-08-27.png,100.0
1286,e03db8cf-6139-4e0b-96da-27a7b4d68ef8_2021-07-02.png,100.0
1287,e03db8cf-6139-4e0b-96da-27a7b4d68ef8_2022-07-27.png,100.0
1288,e03db8cf-6139-4e0b-96da-27a7b4d68ef8_2023-04-04.png,25.0
1289,e03db8cf-6139-4e0b-96da-27a7b4d68ef8_2023-05-02.png,0.0
1290,e03db8cf-6139-4e0b-96da-27a7b4d68ef8_2023-05-23.png,100.0
1291,e03db8cf-6139-4e0b-96da-27a7b4d68ef8_2023-06-13.png,100.0
1292,e03db8cf-6139-4e0b-96da-27a7b4d68ef8_2023-06-27.png,85.0
1293,e03db8cf-6139-4e0b-96da-27a7b4d68ef8_2023-09-19.png,100.0
1294,e03db8cf-6139-4e0b-96da-27a7b4d68ef8_2024-02-08.png,99.0
1295,e03db8cf-6139-4e0b-96da-27a7b4d68ef8_2024-02-15.png,100.0
1296,e0fcabd2-7d25-4928-acc9-c0ae57254806_2024-01-03.png,100.0
1297,e13a0c28-3117-4de4-a3a8-42c3103e9754_2019-05-31.png,100.0
1298,e189edf4-02a8-46e6-8442-80e7251bdd58_2023-06-13.png,100.0
1299,e245daa2-567c-48e7-9619-6d2bf671a98f_2019-06-27.png,100.0
1300,e245daa2-567c-48e7-9619-6d2bf671a98f_2022-11-24.png,100.0
1301,e245daa2-567c-48e7-9619-6d2bf671a98f_2023-06-13.png,100.0
1302,e245daa2-567c-48e7-9619-6d2bf671a98f_2023-10-31.png,100.0
1303,e326f0f0-f15f-4274-bf9a-1f85b5014156_2023-03-07.png,100.0
1304,e32c8652-1572-48f2-b553-b3e13a138993_2018-04-25.png,100.0
1305,e35fe388-2ed7-43b6-bea8-e6f0a8f899c9_2018-04-25.png,100.0
1306,e35fe388-2ed7-43b6-bea8-e6f0a8f899c9_2018-08-27.png,100.0
1307,e35fe388-2ed7-43b6-bea8-e6f0a8f899c9_2019-04-24.png,100.0
1308,e35fe388-2ed7-43b6-bea8-e6f0a8f899c9_2019-06-27.png,100.0
1309,e35fe388-2ed7-43b6-bea8-e6f0a8f899c9_2021-07-02.png,100.0
1310,e35fe388-2ed7-43b6-bea8-e6f0a8f899c9_2022-12-28.png,50.0
1311,e35fe388-2ed7-43b6-bea8-e6f0a8f899c9_2023-05-02.png,100.0
1312,e35fe388-2ed7-43b6-bea8-e6f0a8f899c9_2023-10-31.png,75.0
1313,e35fe388-2ed7-43b6-bea8-e6f0a8f899c9_2024-01-03.png,0.0
1314,e39ef9e1-33d0-40ed-a448-83c485426740_2023-04-04.png,100.0
1315,e39ef9e1-33d0-40ed-a448-83c485426740_2023-05-02.png,100.0
1316,e39ef9e1-33d0-40ed-a448-83c485426740_2023-06-13.png,100.0
1317,e39ef9e1-33d0-40ed-a448-83c485426740_2023-09-12.png,100.0
1318,e39ef9e1-33d0-40ed-a448-83c485426740_2023-10-31.png,100.0
1319,e43409df-8e33-4421-9c3f-8be849a95bc4_2023-09-12.png,100.0
1320,e43409df-8e33-4421-9c3f-8be849a95bc4_2023-09-19.png,100.0
1321,e6f7ceaf-e736-45cb-90fe-3224cdca1c1d_2022-10-27.png,0.0
1322,e6f7ceaf-e736-45cb-90fe-3224cdca1c1d_2022-11-24.png,0.0
1323,e6f7ceaf-e736-45cb-90fe-3224cdca1c1d_2023-04-04.png,5.0
1324,e6f7ceaf-e736-45cb-90fe-3224cdca1c1d_2023-05-02.png,0.0
1325,e6f7ceaf-e736-45cb-90fe-3224cdca1c1d_2023-05-23.png,0.0
1326,e6f7ceaf-e736-45cb-90fe-3224cdca1c1d_2023-09-19.png,0.0
1327,e6f7ceaf-e736-45cb-90fe-3224cdca1c1d_2023-10-31.png,0.0
1328,e6f7ceaf-e736-45cb-90fe-3224cdca1c1d_2023-11-27.png,0.0
1329,e6f7ceaf-e736-45cb-90fe-3224cdca1c1d_2024-02-08.png,0.0
1330,e6f7ceaf-e736-45cb-90fe-3224cdca1c1d_2024-02-15.png,0.0
1331,e7a571e8-34b4-4bd0-af48-3eecd9d9b05f_2023-09-19.png,100.0
1332,e7a571e8-34b4-4bd0-af48-3eecd9d9b05f_2024-02-15.png,100.0
1333,e8e20a83-cd79-470d-8c43-cf7019cc7273_2023-05-23.png,95.0
1334,e9087e8d-537c-4f46-a7f7-8ef5b6d6c2a6_2023-05-23.png,100.0
1335,e9bcc150-b6fc-4803-a7fb-a996d9296a1a_2018-04-04.png,90.0
1336,e9d80343-b698-4269-bd1d-cffa01abe990_2023-03-07.png,100.0
1337,ea0fd6e4-ef4b-4378-a1d1-015b0f060437_2018-04-04.png,0.0
1338,eade1d37-b060-426f-a951-fe78584e05ba_2018-04-04.png,100.0
1339,eade1d37-b060-426f-a951-fe78584e05ba_2018-04-25.png,100.0
1340,eade1d37-b060-426f-a951-fe78584e05ba_2022-10-27.png,100.0
1341,eade1d37-b060-426f-a951-fe78584e05ba_2023-05-02.png,100.0
1342,eade1d37-b060-426f-a951-fe78584e05ba_2023-05-23.png,0.0
1343,eade1d37-b060-426f-a951-fe78584e05ba_2023-06-13.png,100.0
1344,eade1d37-b060-426f-a951-fe78584e05ba_2023-10-31.png,95.0
1345,eb33b304-2ad4-4f9e-9fb5-27fb2ecfd885_2022-03-30.png,100.0
1346,eb33b304-2ad4-4f9e-9fb5-27fb2ecfd885_2023-03-21.png,100.0
1347,ed2efba9-bf0f-4893-b8d5-112f83b586a7_2023-03-07.png,85.0
1348,ed5e85e2-5c6f-43be-a529-658f5ae3486b_2023-05-02.png,100.0
1349,ee0a6802-4a8b-48b3-81c7-26cad4bf6a7f_2022-03-30.png,100.0
1350,ee0f66cc-2abb-4fce-add4-8c442f4c380e_2023-03-07.png,47.0
1351,efeebc5d-7e24-4424-b66d-a9e593d0abfe_2021-08-25.png,100.0
1352,f031a0ac-1fe2-412b-84a4-e624fc86797c_2023-10-31.png,100.0
1353,f064b4b9-736e-4bd4-8298-86d5f41bb3d8_2020-09-21.png,100.0
1354,f089ef63-5778-4e8d-b98a-6966bc051fcc_2024-02-15.png,0.0
1355,f13314be-1bd5-46ce-9610-50a30c85c185_2020-09-21.png,100.0
1356,f13314be-1bd5-46ce-9610-50a30c85c185_2023-06-13.png,100.0
1357,f13314be-1bd5-46ce-9610-50a30c85c185_2023-09-19.png,100.0
1358,f151d9dc-7bd3-4195-85ac-ddc2130bd3cb_2022-11-24.png,0.0
1359,f15dd170-b55c-4176-92f1-b4d2b22f87e8_2023-05-02.png,100.0
1360,f15dd170-b55c-4176-92f1-b4d2b22f87e8_2023-06-13.png,100.0
1361,f1629f70-b315-42e8-af34-096eed9cc332_2022-10-27.png,15.0
1362,f1629f70-b315-42e8-af34-096eed9cc332_2022-11-24.png,20.0
1363,f40b162f-9e92-4de6-82e0-3d6ff2289866_2018-04-04.png,100.0
1364,f40b162f-9e92-4de6-82e0-3d6ff2289866_2018-04-25.png,100.0
1365,f40b162f-9e92-4de6-82e0-3d6ff2289866_2018-08-27.png,95.0
1366,f40b162f-9e92-4de6-82e0-3d6ff2289866_2019-10-17.png,100.0
1367,f40b162f-9e92-4de6-82e0-3d6ff2289866_2020-09-21.png,100.0
1368,f40b162f-9e92-4de6-82e0-3d6ff2289866_2022-11-24.png,100.0
1369,f40b162f-9e92-4de6-82e0-3d6ff2289866_2023-04-04.png,98.0
1370,f40b162f-9e92-4de6-82e0-3d6ff2289866_2023-05-23.png,100.0
1371,f40b162f-9e92-4de6-82e0-3d6ff2289866_2024-02-15.png,100.0
1372,f40f29ba-b3dd-4843-950a-c2cdcd6bbf35_2023-03-21.png,100.0
1373,f526e65c-3399-4403-8375-4ba1a74cb106_2018-04-04.png,100.0
1374,f526e65c-3399-4403-8375-4ba1a74cb106_2019-10-17.png,100.0
1375,f526e65c-3399-4403-8375-4ba1a74cb106_2022-04-27.png,5.0
1376,f526e65c-3399-4403-8375-4ba1a74cb106_2022-07-27.png,100.0
1377,f526e65c-3399-4403-8375-4ba1a74cb106_2022-10-27.png,100.0
1378,f526e65c-3399-4403-8375-4ba1a74cb106_2022-11-24.png,100.0
1379,f526e65c-3399-4403-8375-4ba1a74cb106_2023-03-07.png,3.0
1380,f526e65c-3399-4403-8375-4ba1a74cb106_2023-04-04.png,0.0
1381,f526e65c-3399-4403-8375-4ba1a74cb106_2023-05-02.png,0.0
1382,f526e65c-3399-4403-8375-4ba1a74cb106_2023-05-23.png,0.0
1383,f526e65c-3399-4403-8375-4ba1a74cb106_2023-06-13.png,0.0
1384,f526e65c-3399-4403-8375-4ba1a74cb106_2023-06-27.png,0.0
1385,f526e65c-3399-4403-8375-4ba1a74cb106_2023-09-12.png,100.0
1386,f526e65c-3399-4403-8375-4ba1a74cb106_2023-10-31.png,100.0
1387,f56642c0-fbfb-4427-a9e3-678129ec6957_2023-06-27.png,100.0
1388,f5ee8d51-41db-4260-99d8-a183d6011407_2019-10-17.png,100.0
1389,f5ee8d51-41db-4260-99d8-a183d6011407_2023-05-02.png,0.0
1390,f6900074-b240-4837-95af-a0747c92bcdf_2019-06-27.png,100.0
1391,f6a001af-e0e1-424b-9d59-257af22c954e_2018-04-04.png,100.0
1392,f6a001af-e0e1-424b-9d59-257af22c954e_2018-04-25.png,100.0
1393,f6a001af-e0e1-424b-9d59-257af22c954e_2018-08-27.png,5.0
1394,f6a001af-e0e1-424b-9d59-257af22c954e_2019-06-27.png,100.0
1395,f6a001af-e0e1-424b-9d59-257af22c954e_2019-10-17.png,100.0
1396,f6a001af-e0e1-424b-9d59-257af22c954e_2020-09-21.png,65.0
1397,f6a001af-e0e1-424b-9d59-257af22c954e_2021-04-29.png,100.0
1398,f6a001af-e0e1-424b-9d59-257af22c954e_2021-07-02.png,100.0
1399,f6a001af-e0e1-424b-9d59-257af22c954e_2021-12-28.png,100.0
1400,f6a001af-e0e1-424b-9d59-257af22c954e_2022-07-27.png,90.0
1401,f6a001af-e0e1-424b-9d59-257af22c954e_2022-10-27.png,100.0
1402,f6a001af-e0e1-424b-9d59-257af22c954e_2023-05-23.png,100.0
1403,f6a001af-e0e1-424b-9d59-257af22c954e_2023-06-13.png,100.0
1404,f6a001af-e0e1-424b-9d59-257af22c954e_2023-06-27.png,100.0
1405,f6a001af-e0e1-424b-9d59-257af22c954e_2023-09-19.png,100.0
1406,f6a001af-e0e1-424b-9d59-257af22c954e_2023-10-31.png,100.0
1407,f6a001af-e0e1-424b-9d59-257af22c954e_2023-11-27.png,100.0
1408,f6a001af-e0e1-424b-9d59-257af22c954e_2024-01-03.png,100.0
1409,f6a001af-e0e1-424b-9d59-257af22c954e_2024-02-08.png,100.0
1410,f6a001af-e0e1-424b-9d59-257af22c954e_2024-02-15.png,100.0
1411,f7087a3f-752b-4eaf-ab33-32adc562631d_2023-06-13.png,100.0
1412,f8da92d4-a6e6-4afd-b65a-2767e23a29b1_2018-04-25.png,97.0
1413,f8da92d4-a6e6-4afd-b65a-2767e23a29b1_2019-10-17.png,100.0
1414,f8da92d4-a6e6-4afd-b65a-2767e23a29b1_2022-04-27.png,100.0
1415,f8da92d4-a6e6-4afd-b65a-2767e23a29b1_2022-10-27.png,100.0
1416,f8da92d4-a6e6-4afd-b65a-2767e23a29b1_2022-12-28.png,100.0
1417,f8da92d4-a6e6-4afd-b65a-2767e23a29b1_2023-09-12.png,100.0
1418,f8da92d4-a6e6-4afd-b65a-2767e23a29b1_2023-10-31.png,100.0
1419,f8da92d4-a6e6-4afd-b65a-2767e23a29b1_2024-02-15.png,100.0
1420,f9284221-0641-4044-be1e-fdf348106725_2018-04-04.png,100.0
1421,f9e147bc-0f1e-4715-b04e-54550ab56d9d_2023-10-31.png,100.0
1422,fa23842a-ea4a-4319-a455-9ddcc22bb3c3_2019-10-17.png,100.0
1423,fa23842a-ea4a-4319-a455-9ddcc22bb3c3_2022-04-27.png,0.0
1424,fa23842a-ea4a-4319-a455-9ddcc22bb3c3_2022-11-24.png,100.0
1425,fa23842a-ea4a-4319-a455-9ddcc22bb3c3_2022-12-28.png,100.0
1426,fa23842a-ea4a-4319-a455-9ddcc22bb3c3_2023-03-28.png,0.0
1427,fa23842a-ea4a-4319-a455-9ddcc22bb3c3_2023-04-04.png,0.0
1428,fa23842a-ea4a-4319-a455-9ddcc22bb3c3_2023-05-02.png,10.0
1429,fa23842a-ea4a-4319-a455-9ddcc22bb3c3_2023-05-23.png,100.0
1430,fa23842a-ea4a-4319-a455-9ddcc22bb3c3_2023-06-13.png,100.0
1431,fa23842a-ea4a-4319-a455-9ddcc22bb3c3_2023-09-19.png,100.0
1432,fa23842a-ea4a-4319-a455-9ddcc22bb3c3_2024-02-08.png,20.0
1433,fa23842a-ea4a-4319-a455-9ddcc22bb3c3_2024-02-15.png,100.0
1434,fa532a60-d81e-4df9-aa8e-26106d925b1c_2023-09-12.png,100.0
1435,fa5a4100-a640-4e0f-ae1d-77d0151d527d_2023-10-03.png,100.0
1436,fb8657d5-817b-40e9-8f08-6409f3dd2f12_2019-05-31.png,100.0
1437,fb89f848-b35a-4902-9718-105d730221bb_2023-03-28.png,6.0
1438,fc0fdb29-e463-4918-a3e8-c707b64f0bcc_2018-08-27.png,80.0
1439,fc0fdb29-e463-4918-a3e8-c707b64f0bcc_2022-12-28.png,4.0
1440,fc0fdb29-e463-4918-a3e8-c707b64f0bcc_2023-03-28.png,5.0
1441,fc0fdb29-e463-4918-a3e8-c707b64f0bcc_2023-09-12.png,10.0
1442,fc0fdb29-e463-4918-a3e8-c707b64f0bcc_2024-01-03.png,3.0
1443,fc0fdb29-e463-4918-a3e8-c707b64f0bcc_2024-02-15.png,100.0
1444,fc37b86f-b048-4359-93ff-8e78b6b38712_2018-04-04.png,0.0
1445,fc37b86f-b048-4359-93ff-8e78b6b38712_2018-04-25.png,0.0
1446,fc37b86f-b048-4359-93ff-8e78b6b38712_2018-08-27.png,100.0
1447,fc37b86f-b048-4359-93ff-8e78b6b38712_2019-10-17.png,100.0
1448,fc37b86f-b048-4359-93ff-8e78b6b38712_2022-04-27.png,0.0
1449,fc37b86f-b048-4359-93ff-8e78b6b38712_2022-07-27.png,100.0
1450,fc37b86f-b048-4359-93ff-8e78b6b38712_2022-10-27.png,100.0
1451,fc37b86f-b048-4359-93ff-8e78b6b38712_2023-03-21.png,0.0
1452,fc37b86f-b048-4359-93ff-8e78b6b38712_2023-03-28.png,0.0
1453,fc37b86f-b048-4359-93ff-8e78b6b38712_2023-04-04.png,0.0
1454,fc37b86f-b048-4359-93ff-8e78b6b38712_2023-05-02.png,0.0
1455,fc37b86f-b048-4359-93ff-8e78b6b38712_2023-06-13.png,100.0
1456,fc37b86f-b048-4359-93ff-8e78b6b38712_2024-02-08.png,0.0
1457,fc37b86f-b048-4359-93ff-8e78b6b38712_2024-02-15.png,0.0
1458,fc641d4a-4e79-46c5-9b37-592ab13d31bf_2018-04-25.png,0.0
1459,fc641d4a-4e79-46c5-9b37-592ab13d31bf_2022-07-27.png,100.0
1460,fc641d4a-4e79-46c5-9b37-592ab13d31bf_2022-10-27.png,100.0
1461,fc641d4a-4e79-46c5-9b37-592ab13d31bf_2022-11-24.png,100.0
1462,fc641d4a-4e79-46c5-9b37-592ab13d31bf_2023-03-21.png,20.0
1463,fc641d4a-4e79-46c5-9b37-592ab13d31bf_2023-03-28.png,15.0
1464,fc641d4a-4e79-46c5-9b37-592ab13d31bf_2023-05-02.png,0.0
1465,fc641d4a-4e79-46c5-9b37-592ab13d31bf_2023-05-23.png,100.0
1466,fc641d4a-4e79-46c5-9b37-592ab13d31bf_2023-06-13.png,100.0
1467,fc641d4a-4e79-46c5-9b37-592ab13d31bf_2023-06-27.png,100.0
1468,fc641d4a-4e79-46c5-9b37-592ab13d31bf_2023-09-19.png,100.0
1469,fc641d4a-4e79-46c5-9b37-592ab13d31bf_2023-10-03.png,100.0
1470,fc641d4a-4e79-46c5-9b37-592ab13d31bf_2024-01-03.png,97.0
1471,fc641d4a-4e79-46c5-9b37-592ab13d31bf_2024-02-15.png,5.0
1472,fd10f41d-02a4-40b4-90bd-c506ad66acf5_2018-04-04.png,100.0
1473,fd10f41d-02a4-40b4-90bd-c506ad66acf5_2018-04-25.png,100.0
1474,fd10f41d-02a4-40b4-90bd-c506ad66acf5_2019-05-31.png,15.0
1475,fd10f41d-02a4-40b4-90bd-c506ad66acf5_2022-03-30.png,100.0
1476,fd10f41d-02a4-40b4-90bd-c506ad66acf5_2023-03-07.png,100.0
1477,fd10f41d-02a4-40b4-90bd-c506ad66acf5_2023-03-21.png,100.0
1478,fd10f41d-02a4-40b4-90bd-c506ad66acf5_2023-03-28.png,100.0
1479,fd10f41d-02a4-40b4-90bd-c506ad66acf5_2023-04-04.png,100.0
1480,fd10f41d-02a4-40b4-90bd-c506ad66acf5_2023-06-13.png,100.0
1481,fde604a7-188e-47a3-9869-de7cf8c8e5b7_2023-10-31.png,100.0
1482,fe79536f-a0ab-415b-8660-807cb81acfa5_2018-04-04.png,100.0
1483,fe79536f-a0ab-415b-8660-807cb81acfa5_2018-04-25.png,0.0
1484,feaec0dd-a838-4845-8975-9cbe33a42fc0_2019-04-24.png,50.0
1485,feb28405-6e5c-4a0e-8022-241564728f7b_2018-04-04.png,100.0
1486,ff7bc21b-56f3-406e-95fb-419034b0dc8f_2018-08-27.png,8.0
1487,ff7bc21b-56f3-406e-95fb-419034b0dc8f_2019-05-31.png,17.0
1488,ff8c610a-a07d-485b-acbb-12d0c75c4fb0_2018-08-27.png,100.0
1489,ff8c610a-a07d-485b-acbb-12d0c75c4fb0_2022-07-27.png,100.0
1490,ff8c610a-a07d-485b-acbb-12d0c75c4fb0_2023-06-13.png,100.0
