,Unnamed: 0,isFlowering,leafing,floweringIntensity,segmentation,observation_id,polygon_id,date,globalId,latin,area,score,tag,iou
311,311,maybe,0,2,good,RsWoVvvIvzvdLHaEZQBY,3b4679bd-76b6-43fe-b740-9f274fea7195_2019-04-24,2019_04_24,3b4679bd-76b6-43fe-b740-9f274fea7195,Dipteryx oleifera,399.46295189890947,0.985120892524719,003711,0.75332476488095
312,312,maybe,0,2,good,CbTlwKlJWk3fEOzWBusd,e6f7ceaf-e736-45cb-90fe-3224cdca1c1d_2020-11-25,2020_11_25,e6f7ceaf-e736-45cb-90fe-3224cdca1c1d,Platypodium elegans,233.97529240000466,0.963899731636047,002059,0.926422587544617
313,313,yes,0,5,good,kTnhblscTDswdl9RVafj,daafdede-11d2-48f0-a7fb-a5551de01aa5_2021-02-25,2021_02_25,daafdede-11d2-48f0-a7fb-a5551de01aa5,Cavanillesia platanifolia,430.1141559648931,0.969244122505188,002948,0.920535692790166
314,314,yes,0,10,good,hP4JcKRSIqipD0nYqXZU,76424c7c-518a-415d-bcb8-b8933683c2ed_2023-03-21,2023_03_21,76424c7c-518a-415d-bcb8-b8933683c2ed,Cavanillesia platanifolia,327.0998677298446,0.966292381286621,003628,0.790988429895835
315,315,yes,0,15,good,ZQRENW0jA3lXlWsAMo0o,24a5f646-9ef6-4e62-89fe-963cd03a3d0f_2023-04-04,2023_04_04,24a5f646-9ef6-4e62-89fe-963cd03a3d0f,Cavanillesia platanifolia,289.9652043099787,0.974538922309875,049526,0.913188225215315
316,316,yes,0,15,good,MUjQZG3hQ78pQn8mHwuh,30a7e096-38c5-4063-ad74-316add4b989a_2023-03-21,2023_03_21,30a7e096-38c5-4063-ad74-316add4b989a,Cavanillesia platanifolia,298.4879472449703,0.962010383605957,000120,0.788514736029548
317,317,yes,0,25,good,MpthRlZW5wZ49RBghYXv,73433e79-9f3f-4b44-b61a-d0f583311f22_2023-05-23,2023_05_23,73433e79-9f3f-4b44-b61a-d0f583311f22,Cavanillesia platanifolia,253.93650638184326,0.977413892745972,003661,0.874762687004716
320,320,yes,0,30,good,9NGtTGt8s5U05ZFUzXrJ,31cb4ec2-1f18-4516-9fdd-5e1e7bfb81de_2018-04-25,2018_04_25,31cb4ec2-1f18-4516-9fdd-5e1e7bfb81de,Cavanillesia platanifolia,158.9219382076439,0.973388433456421,002741,0.604967234091999
321,321,yes,0,30,good,Mn8UPGTMwtAeFn3JdYJJ,31d95e2f-f47b-49c9-ba99-46e69ba579b5_2021-02-25,2021_02_25,31d95e2f-f47b-49c9-ba99-46e69ba579b5,Cavanillesia platanifolia,391.6836131378425,0.955007195472717,003654,0.854667362321672
322,322,yes,0,30,good,y8MYXu2JSuNkpLcA1ggW,31d95e2f-f47b-49c9-ba99-46e69ba579b5_2024-02-15,2024_02_15,31d95e2f-f47b-49c9-ba99-46e69ba579b5,Cavanillesia platanifolia,383.59249147856895,0.928567171096802,003654,0.916091916369851
323,323,yes,0,30,good,iSarxbmYhBKrdSbvmcj0,fa23842a-ea4a-4319-a455-9ddcc22bb3c3_2024-01-17,2024_01_17,fa23842a-ea4a-4319-a455-9ddcc22bb3c3,Cavanillesia platanifolia,300.13826388809457,0.98126232624054,003008,0.966143393077849
324,324,yes,0,50,good,FNqHVOBk4DmsYHBnvGVU,31d95e2f-f47b-49c9-ba99-46e69ba579b5_2024-02-21,2024_02_21,31d95e2f-f47b-49c9-ba99-46e69ba579b5,Cavanillesia platanifolia,381.53289630839424,0.9685138463974,003654,0.9566537415694
325,325,yes,0,50,good,KrpImr2FLXKP8evpGAJg,4c099da6-8d4a-4308-b5aa-a140c2035f7a_2024-02-15,2024_02_15,4c099da6-8d4a-4308-b5aa-a140c2035f7a,Prioria copaifera,316.77345565119725,0.990274667739868,005675,0.929652235718072
326,326,yes,0,50,good,spDZUEHMCyb14iYZp7U9,76424c7c-518a-415d-bcb8-b8933683c2ed_2019-02-25,2019_02_25,76424c7c-518a-415d-bcb8-b8933683c2ed,Cavanillesia platanifolia,304.68399760816936,0.981918931007385,003628,0.783626785195216
327,327,yes,0,50,good,dbiBvSbXO4RgIwpgAZ2Y,fa23842a-ea4a-4319-a455-9ddcc22bb3c3_2024-02-21,2024_02_21,fa23842a-ea4a-4319-a455-9ddcc22bb3c3,Cavanillesia platanifolia,304.42096252452274,0.951429843902588,003008,0.920106227509406
328,328,yes,0,69,good,Ag9i5NJiaZiuOs0tXCUl,7b1acde9-37eb-4fd9-82aa-bded8b60195e_2023-03-07,2023_03_07,7b1acde9-37eb-4fd9-82aa-bded8b60195e,Tabebuia rosea,96.74410057047758,0.981148719787598,000938,0.884131999472488
329,329,yes,0,75,good,A10EAZSnkaS3SMlzIK5C,52f1f550-4e8b-485f-ad85-de7115173ed9_2023-03-21,2023_03_21,52f1f550-4e8b-485f-ad85-de7115173ed9,Cavanillesia platanifolia,286.00038204863426,0.963845610618591,001091,0.968507043237867
330,330,yes,0,80,good,nfFrhmv1QjgZv2tWRKxI,fa23842a-ea4a-4319-a455-9ddcc22bb3c3_2019-02-25,2019_02_25,fa23842a-ea4a-4319-a455-9ddcc22bb3c3,Cavanillesia platanifolia,282.0538402176582,0.989400506019592,003008,0.960934193074424
331,331,yes,0,83,good,OYDaWgof0cHqfXqbrpqT,08c4ec87-3de9-40d7-b64e-d3a85534739e_2022-03-30,2022_03_30,08c4ec87-3de9-40d7-b64e-d3a85534739e,Cavanillesia platanifolia,217.89359144989143,0.970311284065247,003603,0.774119400872
332,332,yes,0,92,good,deVyA77VZAvvpHcN3KHI,b77bd986-9710-4b49-994d-5ae52e1b5be5_2018-04-04,2018_04_04,b77bd986-9710-4b49-994d-5ae52e1b5be5,Handroanthus guayacan,250.8603167136511,0.956394910812378,006066,0.904562966212972
333,333,yes,0,100,good,KWowxCEaJpMaoeXoz762,08c4ec87-3de9-40d7-b64e-d3a85534739e_2019-02-25,2019_02_25,08c4ec87-3de9-40d7-b64e-d3a85534739e,Cavanillesia platanifolia,205.11760168292292,0.980522036552429,003603,0.888736251600432
334,334,yes,0,100,good,89stfoxZyWzJnDYMvjvs,31d95e2f-f47b-49c9-ba99-46e69ba579b5_2019-02-25,2019_02_25,31d95e2f-f47b-49c9-ba99-46e69ba579b5,Cavanillesia platanifolia,374.7457786919505,0.981918931007385,003654,0.94749449627921
335,335,yes,0,100,good,Q1HfjOA97THL3fNV8NFr,52f1f550-4e8b-485f-ad85-de7115173ed9_2019-02-25,2019_02_25,52f1f550-4e8b-485f-ad85-de7115173ed9,Cavanillesia platanifolia,279.26302782664294,0.99010169506073,001091,0.947935964522292
336,336,yes,0,100,good,09eKTFhDqN2LVeNSYSDg,73433e79-9f3f-4b44-b61a-d0f583311f22_2019-02-25,2019_02_25,73433e79-9f3f-4b44-b61a-d0f583311f22,Cavanillesia platanifolia,259.3546234228981,0.981918931007385,003661,0.952341452950925
337,337,yes,0,100,good,trqk8PBt908Y2XcINt3p,daafdede-11d2-48f0-a7fb-a5551de01aa5_2019-02-25,2019_02_25,daafdede-11d2-48f0-a7fb-a5551de01aa5,Cavanillesia platanifolia,468.0937815059185,0.97105860710144,002948,0.906889042388631
338,338,yes,0,100,good,GJjmaxnlBabEY6UFoNBg,fe79536f-a0ab-415b-8660-807cb81acfa5_2019-02-25,2019_02_25,fe79536f-a0ab-415b-8660-807cb81acfa5,Hura crepitans,202.31663349702845,0.970408320426941,000267,0.837490329498535
348,348,yes,2,50,good,iRgoNa6WKYbJTBAzotcN,76424c7c-518a-415d-bcb8-b8933683c2ed_2024-02-08,2024_02_08,76424c7c-518a-415d-bcb8-b8933683c2ed,Cavanillesia platanifolia,367.9190534763181,0.975362062454224,003628,0.835801432816637
365,365,maybe,3,2,good,x7PIPG3RUPG5MGBvTdLB,1ca8e05b-fedf-4c65-9445-66f028d65389_2023-03-07,2023_03_07,1ca8e05b-fedf-4c65-9445-66f028d65389,Luehea seemannii,362.57913660896094,0.981148719787598,001293,0.968362146775192
366,366,yes,3,98,good,opQ0xu1ssBFruRCQJLL2,f526e65c-3399-4403-8375-4ba1a74cb106_2023-03-07,2023_03_07,f526e65c-3399-4403-8375-4ba1a74cb106,Tabebuia rosea,201.09692255046505,0.977653503417969,001972,0.869413858611205
407,407,maybe,5,2,good,meSjqSNlDOuB6KrDY2Bb,4b704853-724f-49d4-a607-77808bdf861f_2020-12-22,2020_12_22,4b704853-724f-49d4-a607-77808bdf861f,Sterculia apetala,223.57982091722852,0.986057996749878,007284,0.704993776900317
408,408,maybe,5,2,good,QRVJOKoyG0wYCC7D9oDf,e6f7ceaf-e736-45cb-90fe-3224cdca1c1d_2023-04-04,2023_04_04,e6f7ceaf-e736-45cb-90fe-3224cdca1c1d,Platypodium elegans,202.9107474882864,0.986778855323792,002059,0.913856852177634
409,409,yes,5,15,good,9EHswQHCkOvsxrrpWDuK,52f1f550-4e8b-485f-ad85-de7115173ed9_2024-02-08,2024_02_08,52f1f550-4e8b-485f-ad85-de7115173ed9,Cavanillesia platanifolia,284.1439027724722,0.978450536727905,001091,0.956562381428264
410,410,yes,5,15,good,R0iIvZ2zQFInkjXIB8A6,90ccdd16-1d9a-4afc-bf13-5b84ac3a8b41_2024-02-08,2024_02_08,90ccdd16-1d9a-4afc-bf13-5b84ac3a8b41,Handroanthus guayacan,169.3996716275153,0.990087509155273,004356,0.895385790549405
414,414,maybe,6,2,good,gM4Q7UKH6vFlki0WsQSJ,cf2a56ca-0f9e-4c8d-924b-78693552eea8_2021-12-28,2021_12_28,cf2a56ca-0f9e-4c8d-924b-78693552eea8,Sterculia apetala,396.00896611212437,0.911686301231384,000890,0.860421452603283
417,417,yes,8,75,good,Z7atPTq7zmVlIdX8dkAK,31d95e2f-f47b-49c9-ba99-46e69ba579b5_2024-02-08,2024_02_08,31d95e2f-f47b-49c9-ba99-46e69ba579b5,Cavanillesia platanifolia,388.63382798144266,0.930485129356384,003654,0.936813695727013
455,455,yes,10,70,good,UZ4mUcIm4B867S8gvCvz,73433e79-9f3f-4b44-b61a-d0f583311f22_2024-02-08,2024_02_08,73433e79-9f3f-4b44-b61a-d0f583311f22,Cavanillesia platanifolia,193.83451374112863,0.975362062454224,003661,0.68714670170279
456,456,yes,10,75,good,aixnPmY1FqiOBNxcMqLW,73433e79-9f3f-4b44-b61a-d0f583311f22_2024-02-15,2024_02_15,73433e79-9f3f-4b44-b61a-d0f583311f22,Cavanillesia platanifolia,283.9753165802378,0.975913166999817,003661,0.671127339632567
471,471,maybe,15,2,good,uMgTFNwlVffkX4R6CiI2,31cb4ec2-1f18-4516-9fdd-5e1e7bfb81de_2023-06-13,2023_06_13,31cb4ec2-1f18-4516-9fdd-5e1e7bfb81de,Cavanillesia platanifolia,228.90755083116557,0.979677438735962,002741,0.68331406753503
472,472,maybe,15,2,good,4RCBjIovS6iVodciBvc1,5751d76f-ff25-4f79-a77c-6fb36d4cf52b_2020-05-27,2020_05_27,5751d76f-ff25-4f79-a77c-6fb36d4cf52b,Trichilia tuberculata,290.9208645939518,0.991565227508545,001661,0.901339402684406
490,490,yes,20,90,good,jUYgYC8NK78BXZ3oOFCO,fa23842a-ea4a-4319-a455-9ddcc22bb3c3_2024-02-08,2024_02_08,fa23842a-ea4a-4319-a455-9ddcc22bb3c3,Cavanillesia platanifolia,314.23146023114253,0.948270797729492,003008,0.906994941475656
493,493,maybe,23,2,good,JsOrHub0grL063U35Q9b,3cd06430-4ee8-464a-adb6-051d0f41ada1_2023-03-07,2023_03_07,3cd06430-4ee8-464a-adb6-051d0f41ada1,Alseis blackiana,64.40703457991413,0.967611193656921,000328,0.641691835420432
523,523,yes,43,95,good,BVVP0ZzLqXifcEmVu7wf,b3a785e1-c8d4-4a44-9775-4048d4827e2d_2023-03-07,2023_03_07,b3a785e1-c8d4-4a44-9775-4048d4827e2d,Cordia alliodora,194.60736971983548,0.977653503417969,002296,0.947467564398241
545,545,yes,50,50,good,CnaKGYYSegvfjQBgi0UN,83d7db1d-e646-4351-9c46-db29444f83e0_2024-02-08,2024_02_08,83d7db1d-e646-4351-9c46-db29444f83e0,Handroanthus guayacan,236.10800929250385,0.978165149688721,001675,0.900614243119443
547,547,maybe,52,2,good,0RScFEiJsOnHttVh9zug,52f1f550-4e8b-485f-ad85-de7115173ed9_2019-05-31,2019_05_31,52f1f550-4e8b-485f-ad85-de7115173ed9,Cavanillesia platanifolia,285.43978217979287,0.98961740732193,001091,0.947952108769664
566,566,maybe,65,2,good,lR2b04aD8v9CH1dDy9SD,e03db8cf-6139-4e0b-96da-27a7b4d68ef8_2018-04-04,2018_04_04,e03db8cf-6139-4e0b-96da-27a7b4d68ef8,Dipteryx oleifera,377.09786075079154,0.969685077667236,000670,0.871217058368454
571,571,maybe,73,2,good,9GfraxN49ncKcg6rAw85,6195b4c2-773e-40ae-bd5c-51c153f198c8_2023-03-07,2023_03_07,6195b4c2-773e-40ae-bd5c-51c153f198c8,Zanthoxylum ekmanii,152.39176219851544,0.982294917106628,074610,0.801284650696853
586,586,maybe,78,2,good,RP0tIcHs3r1cvzZJGMbY,2c120d7f-82bd-4973-a6e0-20600122e632_2023-03-07,2023_03_07,2c120d7f-82bd-4973-a6e0-20600122e632,Ceiba pentandra,964.9447113612255,0.989646792411804,004694,0.774467452233741
603,603,maybe,80,2,good,9iqeDdAJnJpWfzSvfk79,10cb6ecb-bc70-45f7-b101-eaca8fb4d1a9_2019-05-31,2019_05_31,10cb6ecb-bc70-45f7-b101-eaca8fb4d1a9,Cavanillesia platanifolia,56.85924793887195,0.981500029563904,004468,0.939534089942207
608,608,maybe,83,2,good,MgbmMqb69Va9mGKWvyZd,45859904-f193-4da2-bf3d-d1b316693421_2023-03-07,2023_03_07,45859904-f193-4da2-bf3d-d1b316693421,Luehea seemannii,97.62156123480028,0.979459643363953,002374,0.793853235851618
626,626,maybe,85,2,good,GXxi2rIDag7H96XxYzHJ,2c120d7f-82bd-4973-a6e0-20600122e632_2023-03-07,2023_03_07,2c120d7f-82bd-4973-a6e0-20600122e632,Ceiba pentandra,964.9447113612255,0.989646792411804,004694,0.774467452233741
627,627,yes,85,95,good,LUvc0J2PJosebL1NjFkF,e03db8cf-6139-4e0b-96da-27a7b4d68ef8_2023-06-27,2023_06_27,e03db8cf-6139-4e0b-96da-27a7b4d68ef8,Dipteryx oleifera,445.0817662334418,0.97862696647644,000670,0.975492572145258
647,647,maybe,90,2,good,eebNJpJhJs4fn45Ymbdw,3e765775-3b73-46c6-976e-9112178127e2_2023-03-07,2023_03_07,3e765775-3b73-46c6-976e-9112178127e2,Luehea seemannii,274.9661110775548,0.974668502807617,002718,0.924043217912804
648,648,maybe,90,2,good,YwMgwHr2rO0wzCV4EctA,76424c7c-518a-415d-bcb8-b8933683c2ed_2019-05-31,2019_05_31,76424c7c-518a-415d-bcb8-b8933683c2ed,Cavanillesia platanifolia,362.34758448905114,0.977499604225159,003628,0.953006225514996
650,650,maybe,90,2,good,ucQSQScTbJdwxAEhCwuT,f6a001af-e0e1-424b-9d59-257af22c954e_2022-07-27,2022_07_27,f6a001af-e0e1-424b-9d59-257af22c954e,Tachigali panamensis,365.3658866820065,0.985844135284424,118796,0.903568515445786
651,651,yes,90,80,good,EARwVOZiClzFmBjEibha,3bcbd33f-0d46-459c-8905-28081ca87b8c_2023-05-23,2023_05_23,3bcbd33f-0d46-459c-8905-28081ca87b8c,Dipteryx oleifera,498.48093382121624,0.978283882141113,001441,0.96564560827542
652,652,yes,90,85,good,gRI2dxh6LXm1Q8icAtUr,e9bcc150-b6fc-4803-a7fb-a996d9296a1a_2018-04-04,2018_04_04,e9bcc150-b6fc-4803-a7fb-a996d9296a1a,Tabebuia rosea,116.0106587473171,0.973998308181763,002488,0.92135010482225
653,653,yes,90,90,good,VmxMENIzvSCoVyA3A42l,585de018-b608-4d42-8103-de304d87c5d6_2023-03-21,2023_03_21,585de018-b608-4d42-8103-de304d87c5d6,Handroanthus guayacan,222.73790553445065,0.966827750205994,006418,0.785187429002322
654,654,maybe,91,2,good,Qjdr2V1grkBiiUsLl801,8e6e666c-577f-4fae-9d3a-7bbdbfb8cc18_2023-03-07,2023_03_07,8e6e666c-577f-4fae-9d3a-7bbdbfb8cc18,Casearia arborea,59.37483829247828,0.97544538974762,082237,0.835565501229993
656,656,maybe,92,2,good,0jokGCt7DtM5bDOQUapV,0e00b9db-e0d8-419f-94ba-8a57c52ce70b_2023-03-07,2023_03_07,0e00b9db-e0d8-419f-94ba-8a57c52ce70b,Anacardium excelsum,1214.0815897087998,0.978053689002991,000017,0.960405356022511
658,658,maybe,92,2,good,fa2mukNFlOdtiyHzkgJ9,bf623767-21ef-4bd3-88ff-c8d3cbc6d3ff_2022-03-30,2022_03_30,bf623767-21ef-4bd3-88ff-c8d3cbc6d3ff,Spondias mombin,177.5070425582732,0.970812141895294,181499,0.487088563596192
696,696,maybe,95,2,good,tPU13jpHbRyoegdmbzpf,76424c7c-518a-415d-bcb8-b8933683c2ed_2024-01-17,2024_01_17,76424c7c-518a-415d-bcb8-b8933683c2ed,Cavanillesia platanifolia,361.30356879121894,0.988548517227173,003628,0.952455294959355
697,697,maybe,95,2,good,fnIsqV5N71h3jsVG5ZBo,b5c7e66c-b3f3-4728-be7b-69f829d2117f_2018-04-25,2018_04_25,b5c7e66c-b3f3-4728-be7b-69f829d2117f,Luehea seemannii,276.13605862996593,0.996407747268677,006962,0.939141935065254
754,754,maybe,99,2,good,pV9V5B0qESnWdzzVJFk6,209a5eef-8778-4258-8c54-484295cbe95f_2023-03-07,2023_03_07,209a5eef-8778-4258-8c54-484295cbe95f,Luehea seemannii,174.16477051352817,0.981514930725098,004991,0.90979918919407
2063,2063,maybe,100,2,good,fPh8cu9qyRihWwOFXBup,0024a31f-d7eb-4df3-b03f-79ca438a9080_2019-05-31,2019_05_31,0024a31f-d7eb-4df3-b03f-79ca438a9080,Prioria copaifera,156.89585715964824,0.972288727760315,004920,0.960778390353908
2064,2064,maybe,100,2,good,cxt6LbDZeJr8VVVdZKv9,0024a31f-d7eb-4df3-b03f-79ca438a9080_2023-09-12,2023_09_12,0024a31f-d7eb-4df3-b03f-79ca438a9080,Prioria copaifera,147.96586685605195,0.986379623413086,004920,0.936953832125965
2065,2065,maybe,100,2,good,ex3QRco2Aue7zQbmkvp2,01e9438c-e2c1-4138-8bb4-19beb620a7f0_2023-09-19,2023_09_19,01e9438c-e2c1-4138-8bb4-19beb620a7f0,Trattinnickia aspera,286.107017892971,0.977409064769745,002268,0.782930906805497
2066,2066,maybe,100,2,good,yrDLOhoqpCZukxyHDQX0,01e9438c-e2c1-4138-8bb4-19beb620a7f0_2023-10-03,2023_10_03,01e9438c-e2c1-4138-8bb4-19beb620a7f0,Trattinnickia aspera,305.767620904991,0.987777352333069,002268,0.968756770952253
2067,2067,maybe,100,2,good,zsgzWSm1IIX8VDFA0TDs,028a4d57-5938-4c78-8197-9b0a2a235c46_2023-04-04,2023_04_04,028a4d57-5938-4c78-8197-9b0a2a235c46,Pouteria reticulata,80.98433831283623,0.988698601722717,069518,0.947966815935637
2068,2068,maybe,100,2,good,OqWn5EyL8lOLOxBLfkjU,03df93ce-5900-417f-899b-0bbad17c8599_2023-06-13,2023_06_13,03df93ce-5900-417f-899b-0bbad17c8599,Chrysophyllum cainito,230.4167019277297,0.982386231422424,005189,0.948209250415418
2069,2069,maybe,100,2,good,jJ3JQKQ9ZqrkFQPu6roN,06966454-7ca6-4168-9736-bd76ed153a9d_2023-05-02,2023_05_02,06966454-7ca6-4168-9736-bd76ed153a9d,Luehea seemannii,332.53829580651177,0.97749388217926,003219,0.974777448070521
2070,2070,maybe,100,2,good,rrsTlBa5eiOTkfm7rgLP,07b1099c-e778-4dce-b3c8-14ad27373550_2018-04-25,2018_04_25,07b1099c-e778-4dce-b3c8-14ad27373550,Luehea seemannii,307.41387523080107,0.96675169467926,004963,0.949226685358995
2071,2071,maybe,100,2,good,GqZfNbRjuPXIPCEq4m6O,07b1099c-e778-4dce-b3c8-14ad27373550_2023-03-07,2023_03_07,07b1099c-e778-4dce-b3c8-14ad27373550,Luehea seemannii,357.04321290319626,0.981457114219666,004963,0.959314190530239
2072,2072,maybe,100,2,good,bxHIMK59DlBPQl8Z1EgT,09b02775-32a0-44eb-a2d1-d040417b86eb_2022-10-27,2022_10_27,09b02775-32a0-44eb-a2d1-d040417b86eb,Virola surinamensis,62.592194062231805,0.985199332237244,004078,0.915311573121075
2073,2073,maybe,100,2,good,pOeVdAj27rzgupFV7ukc,09b02775-32a0-44eb-a2d1-d040417b86eb_2022-11-24,2022_11_24,09b02775-32a0-44eb-a2d1-d040417b86eb,Virola surinamensis,64.24047954616388,0.982713580131531,004078,0.946462804510906
2074,2074,maybe,100,2,good,7EkSjucvwZSvgueAVKDc,09b02775-32a0-44eb-a2d1-d040417b86eb_2024-01-17,2024_01_17,09b02775-32a0-44eb-a2d1-d040417b86eb,Virola surinamensis,69.78960578518331,0.955155372619629,004078,0.943508132363439
2075,2075,maybe,100,2,good,mme8ZPC15gUlmzjiipRQ,0eef7a3a-c17f-443b-bbc1-4bddfe4b4a7a_2022-10-27,2022_10_27,0eef7a3a-c17f-443b-bbc1-4bddfe4b4a7a,Virola surinamensis,151.30712332127683,0.933441877365112,006896,0.795875193325384
2076,2076,maybe,100,2,good,3biemI6TXM5g8Y6xolSY,0eef7a3a-c17f-443b-bbc1-4bddfe4b4a7a_2024-01-17,2024_01_17,0eef7a3a-c17f-443b-bbc1-4bddfe4b4a7a,Virola surinamensis,154.46455990201423,0.994848847389221,006896,0.966386554621036
2077,2077,maybe,100,2,good,jhbkUVyZGHm5w8fJ79Wg,177da445-4523-4c2a-9750-d37379323041_2023-10-03,2023_10_03,177da445-4523-4c2a-9750-d37379323041,Terminalia amazonia,151.25025087104618,0.984015345573425,147736,0.92058316000783
2078,2078,maybe,100,2,good,URGVb5QyERBpvTk2gGqE,18448fe1-efa2-4fbc-89df-b915753ec64c_2023-10-31,2023_10_31,18448fe1-efa2-4fbc-89df-b915753ec64c,Guarea guidonia,97.32805876733359,0.975401878356934,233658,0.795357367114095
2079,2079,maybe,100,2,good,FZzL2805W2djz5bUpsur,18a9bf3e-58e3-4fac-8bd7-e46bbe6af896_2018-08-27,2018_08_27,18a9bf3e-58e3-4fac-8bd7-e46bbe6af896,Jacaranda copaia,88.36455434083386,0.970421314239502,007386,0.941219191140352
2080,2080,maybe,100,2,good,Cw7mgp5m6Y8iddMwevH5,1b4eefd0-4552-45de-89b1-f18de89ad486_2023-09-19,2023_09_19,1b4eefd0-4552-45de-89b1-f18de89ad486,Trichilia tuberculata,101.44724910869182,0.974743545055389,000614,0.958241736573983
2081,2081,maybe,100,2,good,owW30T9Nyn1nEtklG0q0,1ca8e05b-fedf-4c65-9445-66f028d65389_2018-04-25,2018_04_25,1ca8e05b-fedf-4c65-9445-66f028d65389,Luehea seemannii,280.2684515045537,0.974601209163666,001293,0.957449539975563
2082,2082,maybe,100,2,good,MxVI2cEdtrKuTtmtLECZ,1ca8e05b-fedf-4c65-9445-66f028d65389_2023-03-07,2023_03_07,1ca8e05b-fedf-4c65-9445-66f028d65389,Luehea seemannii,362.57913660896094,0.981148719787598,001293,0.968362146775192
2084,2084,maybe,100,2,good,iBYGHzeldnQl9SsyjnVx,20365a03-612d-420d-ae24-cd2cf55c166b_2024-01-17,2024_01_17,20365a03-612d-420d-ae24-cd2cf55c166b,Virola surinamensis,172.83943930171915,0.988548517227173,003655,0.90220626142311
2085,2085,maybe,100,2,good,cv7oYsIf8XSGszIRIsRg,209a5eef-8778-4258-8c54-484295cbe95f_2018-04-25,2018_04_25,209a5eef-8778-4258-8c54-484295cbe95f,Luehea seemannii,136.6137195101606,0.975393176078796,004991,0.90267535522186
2086,2086,maybe,100,2,good,BI2h3OXFRCtDfpQv0uSH,20eba01a-c20c-455f-ad15-2633d7b93704_2023-03-07,2023_03_07,20eba01a-c20c-455f-ad15-2633d7b93704,Guazuma ulmifolia,104.71538385165617,0.97544538974762,633191,0.815449993764566
2087,2087,maybe,100,2,good,I3ZothPKnUKJyz0hpk8T,24129928-b4d6-449f-9c4b-ec5f11e2e83f_2024-02-15,2024_02_15,24129928-b4d6-449f-9c4b-ec5f11e2e83f,Guatteria lucens,102.35923947507638,0.992549538612366,165871,0.947085822315235
2088,2088,maybe,100,2,good,jwncwdxTxZD2FrC6V4sR,2ee6be2e-40b0-486e-a574-000744dfe229_2018-04-25,2018_04_25,2ee6be2e-40b0-486e-a574-000744dfe229,Luehea seemannii,165.35664974714035,0.980718076229095,187150,0.842761781103748
2089,2089,maybe,100,2,good,JvfNe1h4nrBsaMsu7klz,3114b957-7d1a-489a-936c-77ac943c433e_2021-12-28,2021_12_28,3114b957-7d1a-489a-936c-77ac943c433e,Sterculia apetala,121.95281424200302,0.982542991638184,006949,0.960770182060047
2090,2090,maybe,100,2,good,qjrxjS11aFnNp38s45B8,3114b957-7d1a-489a-936c-77ac943c433e_2022-10-27,2022_10_27,3114b957-7d1a-489a-936c-77ac943c433e,Sterculia apetala,119.36105542743957,0.920666694641113,006949,0.780278230201783
2091,2091,maybe,100,2,good,JYlUp7fky06ekqQSf0yn,3114b957-7d1a-489a-936c-77ac943c433e_2023-07-26,2023_07_26,3114b957-7d1a-489a-936c-77ac943c433e,Sterculia apetala,117.85799780816807,0.97284722328186,006949,0.891143941758569
2092,2092,maybe,100,2,good,B5V75WYmQ9QbQDjmWllg,34f872ff-ab16-4ea9-88a1-52bc896248d6_2020-05-27,2020_05_27,34f872ff-ab16-4ea9-88a1-52bc896248d6,Spondias radlkoferi,181.73693106214117,0.993587255477905,007823,0.949686889192037
2093,2093,maybe,100,2,good,DNwyFpnIZZADFOyH6F4u,368091a5-94a3-41a8-abee-29d85d4a16f6_2023-10-31,2023_10_31,368091a5-94a3-41a8-abee-29d85d4a16f6,Guatteria lucens,116.59055462641881,0.983909130096436,001376,0.656997795057471
2094,2094,maybe,100,2,good,wnbgzI1rGdwVt8KWEijh,368091a5-94a3-41a8-abee-29d85d4a16f6_2024-02-15,2024_02_15,368091a5-94a3-41a8-abee-29d85d4a16f6,Guatteria lucens,136.6888723912145,0.992364883422852,001376,0.923388243995846
2095,2095,maybe,100,2,good,q93PYiBIBDh5eeaio88N,38779fc6-7cf0-4675-9bab-205979e6dbfe_2021-01-27,2021_01_27,38779fc6-7cf0-4675-9bab-205979e6dbfe,Terminalia amazonia,238.0376102909489,0.885174572467804,004545,0.934029949747923
2096,2096,maybe,100,2,good,iR8Oo7sEtpFmSpaVXiI0,38779fc6-7cf0-4675-9bab-205979e6dbfe_2023-03-07,2023_03_07,38779fc6-7cf0-4675-9bab-205979e6dbfe,Terminalia amazonia,269.15902765294425,0.992268443107605,004545,0.9655654036388
2097,2097,maybe,100,2,good,cLYIK8W4oFKZdplshb8w,38779fc6-7cf0-4675-9bab-205979e6dbfe_2023-10-03,2023_10_03,38779fc6-7cf0-4675-9bab-205979e6dbfe,Terminalia amazonia,280.86154991648107,0.982498288154602,004545,0.957904158538282
2098,2098,maybe,100,2,good,2zPsoSfHhpitDGaNaxQv,39f25fa2-260e-4366-958e-3e3229200f33_2019-05-31,2019_05_31,39f25fa2-260e-4366-958e-3e3229200f33,Alseis blackiana,97.34633919752783,0.981342911720276,002114,0.866730634311486
2099,2099,maybe,100,2,good,2vi8dG1fBv8nkncocSHb,39f25fa2-260e-4366-958e-3e3229200f33_2020-05-27,2020_05_27,39f25fa2-260e-4366-958e-3e3229200f33,Alseis blackiana,97.16150373384569,0.978389263153076,002114,0.709273032629114
2100,2100,maybe,100,2,good,C2ERX5Mn2ol5LRv3mWBY,3a6ca785-6d91-4811-8b80-778ea8d15797_2023-06-13,2023_06_13,3a6ca785-6d91-4811-8b80-778ea8d15797,Aspidosperma desmanthum,193.94521190351782,0.979245901107788,005869,0.909840525925553
2101,2101,maybe,100,2,good,7nBjYazxySpqK3j756yU,3d5f64d7-8a40-41df-86d1-bf4a7f102291_2019-01-28,2019_01_28,3d5f64d7-8a40-41df-86d1-bf4a7f102291,Cordia alliodora,113.89825344405173,0.985157251358032,409919,0.826978818281127
2102,2102,maybe,100,2,good,PFSZcWnZ2S6YMeLIyzwh,3e6aa377-e046-49c5-a288-5503e14c9a5a_2019-05-31,2019_05_31,3e6aa377-e046-49c5-a288-5503e14c9a5a,Trichilia tuberculata,21.975108630518097,0.989322423934937,005245,0.870367825566597
2103,2103,maybe,100,2,good,zSvKfc9dZfgodlS5DNQ3,3eface6a-f207-4bf8-979f-c84660dffad1_2021-12-28,2021_12_28,3eface6a-f207-4bf8-979f-c84660dffad1,Abarema macradenia,390.33492359809765,0.96350359916687,006831,0.915686664847809
2104,2104,maybe,100,2,good,L8NqNMXsH43mNKekSQpf,3f7a7c75-665a-4b89-a725-797c5da9b5aa_2023-03-07,2023_03_07,3f7a7c75-665a-4b89-a725-797c5da9b5aa,Aspidosperma desmanthum,164.7615201757486,0.979459643363953,098739,0.884824562999509
2105,2105,maybe,100,2,good,xgwYoRrWS0I5nyPR9Bj1,3f8091d6-34da-4def-ab87-7411bd005801_2019-05-31,2019_05_31,3f8091d6-34da-4def-ab87-7411bd005801,Trichilia tuberculata,130.34454742503075,0.981767892837524,083353,0.929859535054692
2106,2106,maybe,100,2,good,UsWSSWiP5nxjoJkijvTC,4090f4bf-d2a9-4d94-bc51-04e693e19916_2020-09-21,2020_09_21,4090f4bf-d2a9-4d94-bc51-04e693e19916,Tachigali panamensis,263.31335220775173,0.98739492893219,517424,0.948718432673645
2107,2107,maybe,100,2,good,rzyKqKUJq6khZVFMZ7q5,45390058-d4a4-4c96-87d2-a784ef05a96d_2020-09-21,2020_09_21,45390058-d4a4-4c96-87d2-a784ef05a96d,Tachigali panamensis,326.0639766673116,0.974652230739594,166551,0.75843349181357
2108,2108,maybe,100,2,good,qfIj8gKl9hShiYAVN0S1,45390058-d4a4-4c96-87d2-a784ef05a96d_2023-09-19,2023_09_19,45390058-d4a4-4c96-87d2-a784ef05a96d,Tachigali panamensis,393.73305251341145,0.987848401069641,166551,0.963644344023691
2109,2109,maybe,100,2,good,w9k87JZX4I6O9FpidIz8,45390058-d4a4-4c96-87d2-a784ef05a96d_2023-10-03,2023_10_03,45390058-d4a4-4c96-87d2-a784ef05a96d,Tachigali panamensis,437.1196231671875,0.975232541561127,166551,0.910649780868627
2110,2110,maybe,100,2,good,lQiB9lKyRZihLCqiqDut,48f0e964-9c9d-4538-b7e2-56b2609a99b1_2024-01-03,2024_01_03,48f0e964-9c9d-4538-b7e2-56b2609a99b1,Guatteria lucens,151.03901034020836,0.98837548494339,235969,0.943223895335246
2111,2111,maybe,100,2,good,JjxmAvhlJdfLb3aCJTqp,49929569-ee2f-4b32-bcb2-52bb5b87c147_2023-03-21,2023_03_21,49929569-ee2f-4b32-bcb2-52bb5b87c147,Pouteria reticulata,137.16924148163903,0.969963788986206,005294,0.852956427801621
2112,2112,maybe,100,2,good,bHlDDp0LnuqpIVSRmZlW,49929569-ee2f-4b32-bcb2-52bb5b87c147_2023-03-28,2023_03_28,49929569-ee2f-4b32-bcb2-52bb5b87c147,Pouteria reticulata,122.14069644445443,0.985139966011047,005294,0.864894277470806
2113,2113,maybe,100,2,good,CCWUmyeFCiBFkbYeL4RE,49f0cb70-0261-4446-998c-5c64fd244a27_2023-03-07,2023_03_07,49f0cb70-0261-4446-998c-5c64fd244a27,Poulsenia armata,66.13961316033827,0.961720407009125,039051,0.555295020464361
2114,2114,maybe,100,2,good,Owjvz5c4zJtZWodIc1Mq,4b704853-724f-49d4-a607-77808bdf861f_2022-11-24,2022_11_24,4b704853-724f-49d4-a607-77808bdf861f,Sterculia apetala,248.4442531474627,0.979482650756836,007284,0.909138078987056
2115,2115,maybe,100,2,good,BG7SD97N4XIq2NDEzYeJ,4b7feb78-6af2-4b56-a1d5-b0921a9612d1_2018-08-27,2018_08_27,4b7feb78-6af2-4b56-a1d5-b0921a9612d1,Virola surinamensis,172.6840556426092,0.978380441665649,000588,0.904627542525954
2116,2116,maybe,100,2,good,xIzbyXfadPQn8NWMDKdP,4b7feb78-6af2-4b56-a1d5-b0921a9612d1_2019-10-17,2019_10_17,4b7feb78-6af2-4b56-a1d5-b0921a9612d1,Virola surinamensis,195.9966824383106,0.993082165718079,000588,0.94863280671681
2117,2117,maybe,100,2,good,jnY4bhGyprO1y6rSPpZO,4c123488-85cc-4c89-9b0e-2fc73c565521_2020-09-21,2020_09_21,4c123488-85cc-4c89-9b0e-2fc73c565521,Tachigali panamensis,515.5650127985758,0.969480931758881,216391,0.927883233902987
2118,2118,maybe,100,2,good,PFD6TRGpTSDQwJRy7HRP,4e481c36-9f3b-4d3c-9ffd-cc9a678fadcb_2023-03-07,2023_03_07,4e481c36-9f3b-4d3c-9ffd-cc9a678fadcb,Prioria copaifera,248.8139240756607,0.989646792411804,004583,0.897308667277397
2119,2119,maybe,100,2,good,8zXVx3UNWrjqZq133dwS,523bb6e8-665b-4356-a2b2-f567ae889246_2024-02-15,2024_02_15,523bb6e8-665b-4356-a2b2-f567ae889246,Prioria copaifera,133.34964708473586,0.973859429359436,007328,0.941286120732178
2120,2120,maybe,100,2,good,sTuRQV959raH8eDAKyAW,54cfdb7d-3516-4763-bb44-caa64b227792_2019-05-31,2019_05_31,54cfdb7d-3516-4763-bb44-caa64b227792,Trichilia tuberculata,61.006874505387415,0.990928649902344,001836,0.905001900290488
2121,2121,maybe,100,2,good,Qg40KvSU4GO8BidYpRqg,5635ecfe-787e-4097-a6fa-54d9ffb214c1_2024-02-15,2024_02_15,5635ecfe-787e-4097-a6fa-54d9ffb214c1,Simarouba amara,185.86526161863335,0.984144270420074,243326,0.928262901846642
2122,2122,maybe,100,2,good,vzcqEYgjbypHaA6FNpvz,5cd2e4cc-a553-4b4f-9c37-42084cba72aa_2020-09-21,2020_09_21,5cd2e4cc-a553-4b4f-9c37-42084cba72aa,Jacaranda copaia,240.18860761397238,0.987326622009277,005810,0.905859540782675
2123,2123,maybe,100,2,good,3uC6q3NhWBP1ywtoL28w,6c44029b-0014-417e-8e0d-e82c2a9a975b_2023-05-23,2023_05_23,6c44029b-0014-417e-8e0d-e82c2a9a975b,Alseis blackiana,50.60530943535943,0.990634679794312,112652,0.860262754007236
2124,2124,maybe,100,2,good,ntXopjNtwTtvanWvbRY6,72a2afe2-a4eb-4e13-97ca-a8eb6d8ebcb4_2023-03-07,2023_03_07,72a2afe2-a4eb-4e13-97ca-a8eb6d8ebcb4,Terminalia amazonia,260.2991123326349,0.987696170806885,004454,0.743768461185796
2125,2125,maybe,100,2,good,aRrVaWmmVR0xAYAqeVjf,73433e79-9f3f-4b44-b61a-d0f583311f22_2023-10-31,2023_10_31,73433e79-9f3f-4b44-b61a-d0f583311f22,Cavanillesia platanifolia,306.0682324292439,0.991653084754944,003661,0.948176217524963
2126,2126,yes,100,2,good,8D04hEZQ298MZO3sMtly,7562c139-f23a-4cc5-b974-994eab24a2f6_2018-04-04,2018_04_04,7562c139-f23a-4cc5-b974-994eab24a2f6,Jacaranda copaia,183.50302376549553,0.958401560783386,004655,0.813309543557546
2127,2127,maybe,100,2,good,lQInLxwrfUlFGfrA8PPm,76424c7c-518a-415d-bcb8-b8933683c2ed_2020-11-25,2020_11_25,76424c7c-518a-415d-bcb8-b8933683c2ed,Cavanillesia platanifolia,349.0810698366688,0.994257211685181,003628,0.858440875302818
2128,2128,maybe,100,2,good,OPUoTep5o5GNeq3OBf7L,76424c7c-518a-415d-bcb8-b8933683c2ed_2024-01-03,2024_01_03,76424c7c-518a-415d-bcb8-b8933683c2ed,Cavanillesia platanifolia,351.50627361804317,0.980035901069641,003628,0.947405784301258
2129,2129,maybe,100,2,good,2JEDK3isaxMOwHSHujk1,7685344a-5cbd-401a-b81d-64d010e35448_2023-06-13,2023_06_13,7685344a-5cbd-401a-b81d-64d010e35448,Cinnamomum triplinerve,135.42650710652964,0.991035223007202,192735,0.935089403660494
2130,2130,maybe,100,2,good,VPhwFxsRYGyqubeC7RNX,778c0c22-6c33-457a-a24e-672ef38788e3_2020-05-27,2020_05_27,778c0c22-6c33-457a-a24e-672ef38788e3,Trichilia tuberculata,106.57490986641047,0.978389263153076,082836,0.888591511734632
2131,2131,maybe,100,2,good,m8TmMplYATLoOgqEmNk9,77a0e0ab-c219-4990-b369-4e06324f2c7a_2023-09-19,2023_09_19,77a0e0ab-c219-4990-b369-4e06324f2c7a,Prioria copaifera,114.5878319060855,0.981143116950989,006576,0.955944875491311
2132,2132,maybe,100,2,good,baMZ2n4HleMjjDTAMAHt,7c0c5b08-1285-49c3-8874-3140b166b761_2023-03-07,2023_03_07,7c0c5b08-1285-49c3-8874-3140b166b761,Aspidosperma desmanthum,125.3864884394177,0.989646792411804,004930,0.81928487650383
2133,2133,maybe,100,2,good,rCYDR0KBbwTZtuH9Ce53,7cdca7b0-a365-40db-8e04-98733814a7aa_2019-05-31,2019_05_31,7cdca7b0-a365-40db-8e04-98733814a7aa,Trichilia tuberculata,93.79892009955223,0.972288727760315,004211,0.730750797251359
2134,2134,maybe,100,2,good,ajoDOMfPuG3sYAEFSPqP,81184785-a805-48e4-b271-7e3c2751b6b1_2019-10-17,2019_10_17,81184785-a805-48e4-b271-7e3c2751b6b1,Spondias radlkoferi,202.803096064651,0.984358191490173,001591,0.773154201734045
2135,2135,maybe,100,2,good,dsCFfJc9Vt9wtHN8yO2x,824a21e3-7cfe-4aac-bf89-2cf8243b01ba_2023-07-26,2023_07_26,824a21e3-7cfe-4aac-bf89-2cf8243b01ba,Guarea grandifolia,279.4397386545801,0.990103006362915,002660,0.966394370182225
2136,2136,maybe,100,2,good,5mht8QcQjcRTmHFvhspd,8312e26e-b5ef-444b-88be-d2b855b3f357_2023-10-03,2023_10_03,8312e26e-b5ef-444b-88be-d2b855b3f357,Tachigali panamensis,296.14398982213663,0.981258273124695,165965,0.970196958062068
2137,2137,maybe,100,2,good,GpkiUcvRdoZOQ0ZnpS42,8ed4e76d-f7be-4f49-b942-f0973e2e7c02_2022-11-24,2022_11_24,8ed4e76d-f7be-4f49-b942-f0973e2e7c02,Guarea grandifolia,190.97971984289174,0.984514832496643,003761,0.94097584132569
2138,2138,maybe,100,2,good,HAFLBbFob5oDS8yL4SJg,8f019c97-ed19-41fe-92c2-08b87fff825f_2023-07-26,2023_07_26,8f019c97-ed19-41fe-92c2-08b87fff825f,Alseis blackiana,98.69807547609453,0.986670911312103,006303,0.935478049906758
2139,2139,maybe,100,2,good,9jps5xed4RPJRZTw9kNg,93cf9c4d-f5de-402b-9e92-4703b73b0d99_2023-10-03,2023_10_03,93cf9c4d-f5de-402b-9e92-4703b73b0d99,Anacardium excelsum,935.6249319834872,0.985272288322449,005197,0.967470689505201
2140,2140,maybe,100,2,good,eWmgBzUM8rwoem2Q0EE4,93cf9c4d-f5de-402b-9e92-4703b73b0d99_2024-02-15,2024_02_15,93cf9c4d-f5de-402b-9e92-4703b73b0d99,Anacardium excelsum,991.4259461118207,0.969264447689056,005197,0.955403184563075
2141,2141,maybe,100,2,good,s08uG8tXYTwo6xSzYe3l,940b12c7-c137-48e5-9fb1-f4b82e4d04d1_2024-01-17,2024_01_17,940b12c7-c137-48e5-9fb1-f4b82e4d04d1,Prioria copaifera,135.3300270564753,0.988048195838928,005838,0.881470250503933
2142,2142,maybe,100,2,good,bT8bmgk3Xo0ZHBv77TmZ,95306cf8-7a56-4b46-b4e2-de9737a67dac_2023-10-31,2023_10_31,95306cf8-7a56-4b46-b4e2-de9737a67dac,Sterculia apetala,278.0900335359081,0.987918376922607,000429,0.910940347941906
2143,2143,maybe,100,2,good,4JcbGBmo6QE8fyy9ZPV5,95306cf8-7a56-4b46-b4e2-de9737a67dac_2024-01-03,2024_01_03,95306cf8-7a56-4b46-b4e2-de9737a67dac,Sterculia apetala,276.22136730608827,0.98589015007019,000429,0.932553718196588
2144,2144,maybe,100,2,good,0itCXRjoqJXLeJTFrPKC,97c0f011-6016-4d4c-b7a8-1381a1d10202_2023-10-31,2023_10_31,97c0f011-6016-4d4c-b7a8-1381a1d10202,Cordia bicolor,52.60295436851928,0.993184804916382,633133,0.849614815669766
2145,2145,maybe,100,2,good,yg3ulMDwS2TBKBU9YPOv,9975e646-b72a-4ca0-95a8-789ff56f722d_2021-01-27,2021_01_27,9975e646-b72a-4ca0-95a8-789ff56f722d,Tetragastris panamensis,111.26688703029919,0.974741160869598,001453,0.873530374976705
2146,2146,maybe,100,2,good,7v1L2uDt6Bhc1mgUnYtD,9c142290-9011-4462-8228-4ec9b00a5bba_2018-04-25,2018_04_25,9c142290-9011-4462-8228-4ec9b00a5bba,Inga marginata,131.03412588710665,0.973692893981934,524282,0.910417378641184
2147,2147,maybe,100,2,good,6lqPv8FBokcrJt4ejKi1,9c90d645-e97c-4b24-a965-b2705f134b70_2023-03-07,2023_03_07,9c90d645-e97c-4b24-a965-b2705f134b70,Aspidosperma desmanthum,323.57377580035563,0.987696170806885,004787,0.876265845250643
2148,2148,maybe,100,2,good,cgHc5KbH1f3Wc0zBc4in,9dc9ae4c-4da7-422d-84e1-69a630bdc828_2023-03-07,2023_03_07,9dc9ae4c-4da7-422d-84e1-69a630bdc828,Aspidosperma desmanthum,274.67768650711093,0.987696170806885,004825,0.938208305882629
2149,2149,maybe,100,2,good,JqOj9s6wv2YT11u1DaOR,9fcb7b36-238b-4036-a4cf-3f6171ca3740_2019-05-31,2019_05_31,9fcb7b36-238b-4036-a4cf-3f6171ca3740,Trichilia tuberculata,64.28922736096946,0.990928649902344,001659,0.884042473077205
2150,2150,maybe,100,2,good,tnGudf42mipXf8ti8VVC,a0a34d1f-b2b2-4a07-b8a3-7ac2b4f2dffa_2023-07-26,2023_07_26,a0a34d1f-b2b2-4a07-b8a3-7ac2b4f2dffa,Prioria copaifera,99.94317590965922,0.974946975708008,006648,0.95322937635674
2151,2151,maybe,100,2,good,PdB6s8HevI0bbCNZF0P6,a0dcf0d9-3987-4146-b663-3982328dd5ae_2023-07-11,2023_07_11,a0dcf0d9-3987-4146-b663-3982328dd5ae,Guarea grandifolia,112.42769436767101,0.997064471244812,006595,0.940901744016742
2152,2152,maybe,100,2,good,wH1RMDK0amirPN43aKyu,a114c3c2-1bd8-4aa7-8891-3402f47eba0a_2020-12-22,2020_12_22,a114c3c2-1bd8-4aa7-8891-3402f47eba0a,Platypodium elegans,257.07566308641725,0.943765997886658,004431,0.951275555292606
2153,2153,maybe,100,2,good,2rzRwNqI8yoRLwo4Tfjh,a1b8ea4c-fbea-434c-a2f5-d3b57ed5000e_2019-02-25,2019_02_25,a1b8ea4c-fbea-434c-a2f5-d3b57ed5000e,Zanthoxylum ekmanii,130.28259707736848,0.968281865119934,400430,0.806231310246101
2154,2154,maybe,100,2,good,PbafwB94SCDZ8lekr1RP,a61e3aa8-bf52-44e2-9379-1672c6507130_2018-08-27,2018_08_27,a61e3aa8-bf52-44e2-9379-1672c6507130,Jacaranda copaia,199.93713079264998,0.979510545730591,155646,0.929389763777471
2155,2155,maybe,100,2,good,I6EE4u6oaMgaZ5IJOemS,abaeef32-4b66-4eda-b2b9-53a4995bff29_2019-05-31,2019_05_31,abaeef32-4b66-4eda-b2b9-53a4995bff29,Prioria copaifera,88.82258068337276,0.991719603538513,002674,0.88794204918627
2156,2156,maybe,100,2,good,TcIsIrKW0pzSNE6JZMMH,afea4bbb-4b60-4181-9880-1b015843f92c_2019-05-31,2019_05_31,afea4bbb-4b60-4181-9880-1b015843f92c,Trichilia tuberculata,92.85138445143947,0.978092849254608,007598,0.681398996773774
2157,2157,maybe,100,2,good,nxraPDvmgDdHgLTrDcFw,b2a7feb6-789b-48e1-a556-a2b081179b02_2023-03-07,2023_03_07,b2a7feb6-789b-48e1-a556-a2b081179b02,Anacardium excelsum,347.5099683928624,0.978676080703735,000556,0.882719090313809
2158,2158,maybe,100,2,good,JC6GMrD7CAKM7TIuvyJE,b5c7e66c-b3f3-4728-be7b-69f829d2117f_2018-04-04,2018_04_04,b5c7e66c-b3f3-4728-be7b-69f829d2117f,Luehea seemannii,274.14552286361493,0.968224346637726,006962,0.920509262459875
2159,2159,maybe,100,2,good,KraxeouO24PFnXq4e35c,b5c7e66c-b3f3-4728-be7b-69f829d2117f_2023-05-02,2023_05_02,b5c7e66c-b3f3-4728-be7b-69f829d2117f,Luehea seemannii,314.6732373018141,0.973720550537109,006962,0.926468704831689
2160,2160,maybe,100,2,good,BS32dI0xNrWNtMGPwi3G,b670ef23-b0e8-4309-a1e5-d356b869b3df_2018-08-27,2018_08_27,b670ef23-b0e8-4309-a1e5-d356b869b3df,Tachigali panamensis,104.54070418238646,0.985313653945923,197092,0.897518515621395
2161,2161,maybe,100,2,good,xd0AY1O1gOn55vOWycoT,b77bd986-9710-4b49-994d-5ae52e1b5be5_2021-12-28,2021_12_28,b77bd986-9710-4b49-994d-5ae52e1b5be5,Handroanthus guayacan,223.58083649680108,0.983745336532593,006066,0.842392155498114
2162,2162,maybe,100,2,good,ZDiUHldPOPxEt5GMLCJv,b8575e32-a1bf-4eac-9e06-7488308f7ba0_2020-09-21,2020_09_21,b8575e32-a1bf-4eac-9e06-7488308f7ba0,Tachigali panamensis,407.811015164763,0.996282577514648,231749,0.945494639005971
2163,2163,maybe,100,2,good,cVzXdL0gvMlNUoG8tyFF,b8575e32-a1bf-4eac-9e06-7488308f7ba0_2020-09-21,2020_09_21,b8575e32-a1bf-4eac-9e06-7488308f7ba0,Tachigali panamensis,407.811015164763,0.996282577514648,231749,0.945494639005971
2164,2164,maybe,100,2,good,rdKZvDYEEQvXaGoAHTuZ,b8575e32-a1bf-4eac-9e06-7488308f7ba0_2020-09-21,2020_09_21,b8575e32-a1bf-4eac-9e06-7488308f7ba0,Tachigali panamensis,407.811015164763,0.996282577514648,231749,0.945494639005971
2165,2165,maybe,100,2,good,1GzPwDxf4lNwYaxSMGu1,bb7afa4a-f137-4feb-9ae0-26a18d6006b8_2019-07-24,2019_07_24,bb7afa4a-f137-4feb-9ae0-26a18d6006b8,Virola surinamensis,153.31086162129264,0.965255379676819,001359,0.947633056261983
2166,2166,maybe,100,2,good,n8wUAdJnDDgERC2YLwbi,bb7afa4a-f137-4feb-9ae0-26a18d6006b8_2022-11-24,2022_11_24,bb7afa4a-f137-4feb-9ae0-26a18d6006b8,Virola surinamensis,167.26898589397732,0.980613470077515,001359,0.950957465845393
2167,2167,maybe,100,2,good,p9wZN3laKER9M1yijXjJ,bc0357e7-1bf6-4aa0-a504-880285dbbb37_2023-10-31,2023_10_31,bc0357e7-1bf6-4aa0-a504-880285dbbb37,Guazuma ulmifolia,272.94713908552205,0.98265552520752,103333,0.890460659834016
2168,2168,maybe,100,2,good,LR8vaExcBdkqmw3VmTGl,bcf66f6c-8b4c-43b0-b619-5903d8f61152_2023-03-28,2023_03_28,bcf66f6c-8b4c-43b0-b619-5903d8f61152,Guarea grandifolia,136.46646048661742,0.98322594165802,203851,0.885409863993989
2169,2169,maybe,100,2,good,9MR8yIxEtUJvY3pk0Csp,bcf66f6c-8b4c-43b0-b619-5903d8f61152_2023-10-31,2023_10_31,bcf66f6c-8b4c-43b0-b619-5903d8f61152,Guarea grandifolia,119.85970494855655,0.986859858036041,203851,0.904764925077849
2170,2170,maybe,100,2,good,BpyLVE3AuytOTA0evvti,c1631b71-e3df-4b44-9c62-c587197bd7d4_2020-12-22,2020_12_22,c1631b71-e3df-4b44-9c62-c587197bd7d4,Spondias radlkoferi,296.51670748851654,0.986057996749878,007251,0.952122141915441
2171,2171,maybe,100,2,good,wpRiMFnwYSixRRWBu7RX,c1631b71-e3df-4b44-9c62-c587197bd7d4_2022-12-28,2022_12_28,c1631b71-e3df-4b44-9c62-c587197bd7d4,Spondias radlkoferi,314.0263131776182,0.964717745780945,007251,0.9576465890637
2172,2172,maybe,100,2,good,Gj0jhwsQiogEfu0FHM7X,c1631b71-e3df-4b44-9c62-c587197bd7d4_2024-01-03,2024_01_03,c1631b71-e3df-4b44-9c62-c587197bd7d4,Spondias radlkoferi,325.32463481158766,0.987765312194824,007251,0.951063734506268
2173,2173,maybe,100,2,good,ea1Vtf9J3s0Dm12Uv8pp,c1631b71-e3df-4b44-9c62-c587197bd7d4_2024-01-17,2024_01_17,c1631b71-e3df-4b44-9c62-c587197bd7d4,Spondias radlkoferi,309.1291889604151,0.994848847389221,007251,0.959712585622231
2174,2174,maybe,100,2,good,BbV0S3AJrivQqvAX1aVj,c5628eaf-3383-4ab8-98e6-29c9f6c2d796_2023-05-23,2023_05_23,c5628eaf-3383-4ab8-98e6-29c9f6c2d796,Tachigali panamensis,483.22591459475547,0.98740017414093,077967,0.954603854068441
2175,2175,maybe,100,2,good,jbO8IyC63pH5CyRpVKer,ce85ef53-4805-41c8-b9c6-d6c20f378457_2021-02-25,2021_02_25,ce85ef53-4805-41c8-b9c6-d6c20f378457,Prioria copaifera,69.34275081737934,0.978128552436829,123386,0.872930479755723
2176,2176,maybe,100,2,good,kkIRSnu3x9QOtstz969A,d1d6273f-2936-44b6-8266-ba25f8394aa9_2023-07-26,2023_07_26,d1d6273f-2936-44b6-8266-ba25f8394aa9,Dipteryx oleifera,312.09975891798496,0.984877347946167,003875,0.927146426943066
2177,2177,maybe,100,2,good,tKcBaR94MMg6H4SRgOja,d574d73e-9c28-4a45-baa7-bb935c1246db_2022-11-24,2022_11_24,d574d73e-9c28-4a45-baa7-bb935c1246db,Guatteria lucens,139.49796521285424,0.973503828048706,005631,0.918868202997882
2178,2178,maybe,100,2,good,jY7Uwxx3z25b7lRVZ07T,d79de1da-2d84-460a-bdfe-cf9abc9a5832_2023-09-19,2023_09_19,d79de1da-2d84-460a-bdfe-cf9abc9a5832,Tachigali panamensis,440.29940249659757,0.984247803688049,144491,0.923105268217096
2179,2179,maybe,100,2,good,mGRG5JaiDqBVbwywQO82,da667964-dead-4d55-b48d-11f9a1adc747_2020-09-21,2020_09_21,da667964-dead-4d55-b48d-11f9a1adc747,Handroanthus guayacan,52.779665196807684,0.991996765136719,003569,0.895997925491789
2180,2180,maybe,100,2,good,cBVHnxYsxGSyVXEf74Cd,df3a7aaa-6272-470b-aa03-5432094da61d_2019-05-31,2019_05_31,df3a7aaa-6272-470b-aa03-5432094da61d,Prioria copaifera,351.37627944555175,0.980819582939148,007344,0.904117092895924
2181,2181,maybe,100,2,good,ecWMbgHAQbvaO0AFD1Mo,df9bf6af-f1bb-49b5-a10a-e3dabc42cb11_2018-08-27,2018_08_27,df9bf6af-f1bb-49b5-a10a-e3dabc42cb11,Prioria copaifera,191.81960406720665,0.964835286140442,006212,0.821594501598831
2182,2182,maybe,100,2,good,sCvHqSYzSSHtYsSExQhU,df9bf6af-f1bb-49b5-a10a-e3dabc42cb11_2023-03-07,2023_03_07,df9bf6af-f1bb-49b5-a10a-e3dabc42cb11,Prioria copaifera,214.78185594525254,0.975909352302551,006212,0.913894713504298
2183,2183,maybe,100,2,good,KfF3Jvbop189ehIjJQ6o,e13a0c28-3117-4de4-a3a8-42c3103e9754_2019-05-31,2019_05_31,e13a0c28-3117-4de4-a3a8-42c3103e9754,Trichilia tuberculata,46.07277835900245,0.985923290252686,175718,0.901387180979307
2184,2184,maybe,100,2,good,BsscvKd8PT83uwBO5wf3,e326f0f0-f15f-4274-bf9a-1f85b5014156_2023-03-07,2023_03_07,e326f0f0-f15f-4274-bf9a-1f85b5014156,Tetragastris panamensis,67.61728129305949,0.981148719787598,001024,0.805200783123465
2185,2185,maybe,100,2,good,otiNg7DQrwqUyaw12qUs,e6f7ceaf-e736-45cb-90fe-3224cdca1c1d_2020-12-22,2020_12_22,e6f7ceaf-e736-45cb-90fe-3224cdca1c1d,Platypodium elegans,225.1570158385272,0.972913146018982,002059,0.914489885523406
2186,2186,maybe,100,2,good,mGp63OU18S4l8DKQlWzF,e9087e8d-537c-4f46-a7f7-8ef5b6d6c2a6_2023-03-21,2023_03_21,e9087e8d-537c-4f46-a7f7-8ef5b6d6c2a6,Alseis blackiana,72.13762552628043,0.967641234397888,079204,0.899852440254056
2187,2187,maybe,100,2,good,9jNTv1T7XWfHwpJ4eaCW,e9087e8d-537c-4f46-a7f7-8ef5b6d6c2a6_2023-05-23,2023_05_23,e9087e8d-537c-4f46-a7f7-8ef5b6d6c2a6,Alseis blackiana,70.28317725566377,0.989198803901672,079204,0.862816741465027
2188,2188,maybe,100,2,good,eEnzlZdy6cDmg5WItO8t,e9d80343-b698-4269-bd1d-cffa01abe990_2023-03-07,2023_03_07,e9d80343-b698-4269-bd1d-cffa01abe990,Anacardium excelsum,549.6062211444485,0.981457114219666,004306,0.944117478899322
2189,2189,maybe,100,2,good,gJPKhplDtuErCPSwxppU,ee0a6802-4a8b-48b3-81c7-26cad4bf6a7f_2022-03-30,2022_03_30,ee0a6802-4a8b-48b3-81c7-26cad4bf6a7f,Guapira standleyana,107.59252049780991,0.973569393157959,002813,0.90447495283626
2190,2190,maybe,100,2,good,tQAFht1w1459ZEFQE3zl,f6900074-b240-4837-95af-a0747c92bcdf_2019-06-27,2019_06_27,f6900074-b240-4837-95af-a0747c92bcdf,Quararibea stenophylla,169.0350785972002,0.980741739273071,007664,0.962959232045217
2191,2191,maybe,100,2,good,zbnAP0H0vPQYVC0XL1o1,f6a001af-e0e1-424b-9d59-257af22c954e_2023-06-13,2023_06_13,f6a001af-e0e1-424b-9d59-257af22c954e,Tachigali panamensis,360.9542094527907,0.987364411354065,118796,0.966078442738203
2192,2192,maybe,100,2,good,frSwzljytB86TXSQWSUo,f6a001af-e0e1-424b-9d59-257af22c954e_2023-10-31,2023_10_31,f6a001af-e0e1-424b-9d59-257af22c954e,Tachigali panamensis,386.0735521306335,0.984793186187744,118796,0.952117683932612
2193,2193,maybe,100,2,good,WRiBvhLnb4excnBXqBt3,fa23842a-ea4a-4319-a455-9ddcc22bb3c3_2022-12-28,2022_12_28,fa23842a-ea4a-4319-a455-9ddcc22bb3c3,Cavanillesia platanifolia,277.74676767393277,0.96873015165329,003008,0.877721986209748
2194,2194,maybe,100,2,good,Z05v4UuI6RYxumdQ2gSG,fa532a60-d81e-4df9-aa8e-26106d925b1c_2023-09-12,2023_09_12,fa532a60-d81e-4df9-aa8e-26106d925b1c,Tetragastris panamensis,184.20580476012358,0.986680746078491,004987,0.934131720319644
2195,2195,maybe,100,2,good,SX3v09ZRpYUxn0BgpIPR,fa5a4100-a640-4e0f-ae1d-77d0151d527d_2023-10-03,2023_10_03,fa5a4100-a640-4e0f-ae1d-77d0151d527d,Tachigali panamensis,207.85255720288683,0.944266319274902,105049,0.929659345889467
2196,2196,maybe,100,2,good,RHGlrZCm4hwA97Rf3bcf,fd10f41d-02a4-40b4-90bd-c506ad66acf5_2018-04-25,2018_04_25,fd10f41d-02a4-40b4-90bd-c506ad66acf5,Terminalia amazonia,210.5661855538765,0.981375575065613,094072,0.874954214849712
2197,2197,maybe,100,2,good,apKC2hD1M2aLxi68dDyQ,fd10f41d-02a4-40b4-90bd-c506ad66acf5_2022-03-30,2022_03_30,fd10f41d-02a4-40b4-90bd-c506ad66acf5,Terminalia amazonia,232.1289689186261,0.97411036491394,094072,0.934623487668486
2198,2198,maybe,100,2,good,99Pl9Vxkvt9gussY715l,fd10f41d-02a4-40b4-90bd-c506ad66acf5_2023-03-07,2023_03_07,fd10f41d-02a4-40b4-90bd-c506ad66acf5,Terminalia amazonia,236.51931897906735,0.978491425514221,094072,0.957552791486397
2199,2199,maybe,100,2,good,QnT3lgz6F7IsLHZR3ZiY,fd10f41d-02a4-40b4-90bd-c506ad66acf5_2023-03-21,2023_03_21,fd10f41d-02a4-40b4-90bd-c506ad66acf5,Terminalia amazonia,255.70666195715592,0.965523242950439,094072,0.870241728468116
2200,2200,maybe,100,2,good,1H3y1lKK6Au8QfdXBV13,fd10f41d-02a4-40b4-90bd-c506ad66acf5_2023-04-04,2023_04_04,fd10f41d-02a4-40b4-90bd-c506ad66acf5,Terminalia amazonia,236.40862081657795,0.972023129463196,094072,0.916056564433514
2201,2201,maybe,100,2,good,lpW4LslWLYprajxbixCN,ff8c610a-a07d-485b-acbb-12d0c75c4fb0_2022-07-27,2022_07_27,ff8c610a-a07d-485b-acbb-12d0c75c4fb0,Symphonia globulifera,123.64476964362368,0.965259075164795,007831,0.940286155365545
2202,2202,maybe,100,2,good,baNFBwmZYy6v3e0QTcvN,ff8c610a-a07d-485b-acbb-12d0c75c4fb0_2023-06-13,2023_06_13,ff8c610a-a07d-485b-acbb-12d0c75c4fb0,Symphonia globulifera,132.84388850744097,0.998042464256287,007831,0.968206462481002
2203,2203,yes,100,3,good,hoTv7LoNNip7x1xWYxmQ,730783de-759d-4035-9caa-f2e9305f2825_2018-04-25,2018_04_25,730783de-759d-4035-9caa-f2e9305f2825,Jacaranda copaia,211.65488674875414,0.988269329071045,008412,0.957796609379265
2204,2204,yes,100,5,good,JIcBjb78bmLiI9gNjTE8,3b4679bd-76b6-43fe-b740-9f274fea7195_2020-08-01,2020_08_01,3b4679bd-76b6-43fe-b740-9f274fea7195,Dipteryx oleifera,559.910290474513,0.993747472763062,003711,0.943300121926665
2205,2205,yes,100,5,good,MeQ70pLz3zcNVubzYNaf,4a1431a3-07aa-4221-a614-eec52bb2f69d_2023-09-19,2023_09_19,4a1431a3-07aa-4221-a614-eec52bb2f69d,Zanthoxylum panamense,246.4648887555054,0.984247803688049,295666,0.926209143750056
2206,2206,yes,100,5,good,L2phuK8QnlCl532IIAsc,6c7504b5-b42b-4205-9c2d-a53f4095bcfa_2018-04-25,2018_04_25,6c7504b5-b42b-4205-9c2d-a53f4095bcfa,Jacaranda copaia,161.69751690680476,0.970484495162964,004379,0.936802433344365
2207,2207,yes,100,5,good,NcN7PA2vLaJW12e9Fdon,9f1c84a1-5eca-4d4c-b2dc-fb31071985a2_2018-04-25,2018_04_25,9f1c84a1-5eca-4d4c-b2dc-fb31071985a2,Jacaranda copaia,213.14677299414072,0.986715495586395,006655,0.954277488976404
2208,2208,yes,100,5,good,nGsBOPlA9kb94LTN0dS0,b64d553c-5249-4054-92c2-17f38034c737_2023-06-27,2023_06_27,b64d553c-5249-4054-92c2-17f38034c737,Dipteryx oleifera,557.2271295072687,0.973944664001465,007927,0.956394902502768
2209,2209,yes,100,5,good,w9cRYwcnVDsNkM7dMdNI,e03db8cf-6139-4e0b-96da-27a7b4d68ef8_2023-06-13,2023_06_13,e03db8cf-6139-4e0b-96da-27a7b4d68ef8,Dipteryx oleifera,449.63257785096516,0.973055720329285,000670,0.970228452335077
2210,2210,yes,100,7,good,ogzCbHVHs3ajWcOoCx84,47c92736-e515-4406-b083-13998207ffb3_2023-03-07,2023_03_07,47c92736-e515-4406-b083-13998207ffb3,Jacaranda copaia,132.89974537824594,0.978053689002991,023623,0.931069187935891
2211,2211,yes,100,7,good,sMIHk16hW4lGr6QltB8a,eade1d37-b060-426f-a951-fe78584e05ba_2018-04-04,2018_04_04,eade1d37-b060-426f-a951-fe78584e05ba,Jacaranda copaia,244.46622835316256,0.976002812385559,006305,0.967541860532422
2212,2212,yes,100,8,good,lt5c6LnSCdOlZLcitsyF,47c92736-e515-4406-b083-13998207ffb3_2023-03-07,2023_03_07,47c92736-e515-4406-b083-13998207ffb3,Jacaranda copaia,132.89974537824594,0.978053689002991,023623,0.931069187935891
2213,2213,yes,100,8,good,CdNggNawUb8RA8h3qZ0j,abbce072-cfe2-4739-824b-e74db6904286_2023-03-21,2023_03_21,abbce072-cfe2-4739-824b-e74db6904286,Jacaranda copaia,95.08565929152977,0.986584663391113,007633,0.856004937416193
2214,2214,yes,100,10,good,ef8Nfae9XSAis3UyJBVY,11929b19-8bb8-4ea4-a0f0-8010fe06876b_2018-08-27,2018_08_27,11929b19-8bb8-4ea4-a0f0-8010fe06876b,Zanthoxylum ekmanii,199.93713079264998,0.979510545730591,150678,0.929389763777471
2215,2215,yes,100,10,good,6HKzuo8dy0uZGvdxc9WO,60f88280-ea70-49e3-812f-79915e7c7882_2023-06-27,2023_06_27,60f88280-ea70-49e3-812f-79915e7c7882,Dipteryx oleifera,495.15795887365147,0.980034351348877,000684,0.956354507392569
2216,2216,yes,100,10,good,BmcEau6yaz2BV3Xgem7z,6bf8d1d5-9961-4b9f-a019-a8c31949f892_2023-06-13,2023_06_13,6bf8d1d5-9961-4b9f-a019-a8c31949f892,Dipteryx oleifera,702.8419298843094,0.959687948226929,007715,0.958659318869159
2217,2217,yes,100,10,good,q68MIcvroejoZETFUE5y,6c7504b5-b42b-4205-9c2d-a53f4095bcfa_2023-03-28,2023_03_28,6c7504b5-b42b-4205-9c2d-a53f4095bcfa,Jacaranda copaia,155.86605957396222,0.953080654144287,004379,0.791451474921738
2218,2218,yes,100,10,good,0Zj6BBlMrTKQjjHvPOBb,6d8727f1-1bff-4b22-be9b-194e83846fb4_2018-04-04,2018_04_04,6d8727f1-1bff-4b22-be9b-194e83846fb4,Jacaranda copaia,270.2213237815371,0.979288458824158,003913,0.926669360833903
2219,2219,yes,100,10,good,4jiHG3zCq1uDIRwmxQT5,6d8feebe-e21b-4031-8b62-2c68228d16fa_2024-02-21,2024_02_21,6d8feebe-e21b-4031-8b62-2c68228d16fa,Ceiba pentandra,1391.024985659651,0.963119983673096,006740,0.845575761670371
2220,2220,yes,100,10,good,xPjOj23fsN9gHTkzjq6y,7562c139-f23a-4cc5-b974-994eab24a2f6_2023-03-21,2023_03_21,7562c139-f23a-4cc5-b974-994eab24a2f6,Jacaranda copaia,187.85376622629087,0.98287296295166,004655,0.942792707940218
2221,2221,yes,100,10,good,nrToaB06Bbuxbu6qCev8,a1b8ea4c-fbea-434c-a2f5-d3b57ed5000e_2023-09-12,2023_09_12,a1b8ea4c-fbea-434c-a2f5-d3b57ed5000e,Zanthoxylum ekmanii,169.2087426871702,0.976309537887573,400430,0.897988757609332
2222,2222,yes,100,10,good,JxJ0qGmlbCIeNBsOIsch,e35fe388-2ed7-43b6-bea8-e6f0a8f899c9_2018-04-25,2018_04_25,e35fe388-2ed7-43b6-bea8-e6f0a8f899c9,Jacaranda copaia,252.54922537622912,0.995285034179688,007708,0.964668977387073
2223,2223,yes,100,11,good,EzpyFirpw3atU1IRC0tz,eb33b304-2ad4-4f9e-9fb5-27fb2ecfd885_2022-03-30,2022_03_30,eb33b304-2ad4-4f9e-9fb5-27fb2ecfd885,Jacaranda copaia,251.20358257495513,0.968276977539062,004332,0.962670054729093
2224,2224,yes,100,15,good,ZWSF7cnjoA9le39MqmTR,6bf8d1d5-9961-4b9f-a019-a8c31949f892_2021-07-02,2021_07_02,6bf8d1d5-9961-4b9f-a019-a8c31949f892,Dipteryx oleifera,657.5897397390902,0.963826775550842,007715,0.978535484461734
2225,2225,yes,100,15,good,n0ArX0BDUzbmrHzkQn8O,73433e79-9f3f-4b44-b61a-d0f583311f22_2023-05-23,2023_05_23,73433e79-9f3f-4b44-b61a-d0f583311f22,Cavanillesia platanifolia,253.93650638184326,0.977413892745972,003661,0.874762687004716
2226,2226,yes,100,15,good,k9lPE00nwH4KeTBgdkac,96972a17-e395-4aac-8b50-ab259000385e_2023-10-31,2023_10_31,96972a17-e395-4aac-8b50-ab259000385e,Prioria copaifera,209.36678619711864,0.98346734046936,005060,0.870038493535208
2227,2227,yes,100,15,good,y588TedGq8yDWkNjqQNR,d47b3678-9f11-4811-9930-c969df5fac0e_2023-07-11,2023_07_11,d47b3678-9f11-4811-9930-c969df5fac0e,Dipteryx oleifera,588.4734631444134,0.986050367355347,007168,0.987557319873861
2228,2228,yes,100,15,good,ZzVz654ByeE35Jr7bXG2,eade1d37-b060-426f-a951-fe78584e05ba_2019-02-25,2019_02_25,eade1d37-b060-426f-a951-fe78584e05ba,Jacaranda copaia,242.76614831579715,0.989325761795044,006305,0.953485733273916
2229,2229,yes,100,16,good,qpAfRNEcZTmWoQBOIxBm,88deda63-00ad-4813-a408-1b9ca3c28264_2023-03-07,2023_03_07,88deda63-00ad-4813-a408-1b9ca3c28264,Jacaranda copaia,200.79631102641648,0.981514930725098,005885,0.929175953181646
2230,2230,yes,100,19,good,y7UrCqmzHW8k8ptaglAH,b8467e7c-99b6-4307-9157-9ba6629a404f_2023-03-07,2023_03_07,b8467e7c-99b6-4307-9157-9ba6629a404f,Jacaranda copaia,102.32978767024183,0.976209878921509,064447,0.954274660020054
2231,2231,yes,100,20,good,AMCEU4p57bM4HKUb4oIM,386d4749-f346-4c62-adbf-4b33973a0da9_2023-09-19,2023_09_19,386d4749-f346-4c62-adbf-4b33973a0da9,Zanthoxylum ekmanii,117.92299489436927,0.983402013778687,812350,0.847442637850094
2232,2232,yes,100,20,good,xyhakIiZx86ScVyabewG,3c42d92e-2311-49b9-8937-37db095d0b83_2018-04-04,2018_04_04,3c42d92e-2311-49b9-8937-37db095d0b83,Jacaranda copaia,145.8483836555123,0.971752524375916,002636,0.936583938498437
2233,2233,yes,100,20,good,DB26avHFOp2Tom7LfVmu,a0e634f1-304c-4f41-ab44-9d0b75eb4906_2018-08-27,2018_08_27,a0e634f1-304c-4f41-ab44-9d0b75eb4906,Zanthoxylum ekmanii,252.44766742924162,0.982878923416138,239470,0.846330881825287
2234,2234,yes,100,20,good,DjYAkadzMEIx33e172lf,bd3a2cef-f5b0-45ec-b21d-9ee281f1a918_2021-07-02,2021_07_02,bd3a2cef-f5b0-45ec-b21d-9ee281f1a918,Dipteryx oleifera,383.94489755578394,0.982599139213562,005703,0.925329240467152
2235,2235,yes,100,20,good,Gq33F3MM800k0mb24THc,c589e8a1-36be-44b3-b7d3-aa5dcb1a1da5_2018-04-04,2018_04_04,c589e8a1-36be-44b3-b7d3-aa5dcb1a1da5,Jacaranda copaia,109.04073682580155,0.989385843276978,276455,0.867888077059759
2236,2236,yes,100,20,good,ieBSJtDb1b6Ci6UeVTCO,c610d05b-81e1-4611-a573-e9719f8cc0c4_2023-07-26,2023_07_26,c610d05b-81e1-4611-a573-e9719f8cc0c4,Dipteryx oleifera,655.3178884585834,0.950636982917786,001907,0.978242255117699
2237,2237,yes,100,22,good,e9JQmNQB6SymY5z6UXDj,88476338-757c-4c9b-8374-1545e2e63b02_2023-03-07,2023_03_07,88476338-757c-4c9b-8374-1545e2e63b02,Jacaranda copaia,88.2193264763778,0.978053689002991,023568,0.883641439343927
2238,2238,yes,100,23,good,kc8HWbMKPZ2Tl57VaPU6,58e2c5dc-995d-41d2-9937-3b3edef36b44_2023-07-26,2023_07_26,58e2c5dc-995d-41d2-9937-3b3edef36b44,Dipteryx oleifera,234.29621551365403,0.992375254631042,007058,0.965258551011171
2239,2239,yes,100,25,good,k3k7YG5iZ5hNhXQzBFPl,078e0ab3-42ac-4a64-b96b-09cdf590f024_2023-06-13,2023_06_13,078e0ab3-42ac-4a64-b96b-09cdf590f024,Dipteryx oleifera,843.4093002822177,0.998743534088135,004186,0.977080995618662
2240,2240,yes,100,25,good,DRyG1LILegXXP2V1ohIN,3b4679bd-76b6-43fe-b740-9f274fea7195_2019-05-31,2019_05_31,3b4679bd-76b6-43fe-b740-9f274fea7195,Dipteryx oleifera,526.0000918806143,0.9844810962677,003711,0.969948196396431
2241,2241,yes,100,25,good,DbjOtqrGzwsUTTe8uTgy,6bf8d1d5-9961-4b9f-a019-a8c31949f892_2019-05-31,2019_05_31,6bf8d1d5-9961-4b9f-a019-a8c31949f892,Dipteryx oleifera,678.5645025891188,0.985270440578461,007715,0.978562559804029
2242,2242,yes,100,25,good,3Jjj4y70VduD1YHKaCxi,88deda63-00ad-4813-a408-1b9ca3c28264_2018-04-04,2018_04_04,88deda63-00ad-4813-a408-1b9ca3c28264,Jacaranda copaia,169.05843692480485,0.961431741714478,005885,0.914145558019095
2243,2243,yes,100,25,good,U2vzkDkMDs7bn8k0jBaI,b64d553c-5249-4054-92c2-17f38034c737_2023-07-26,2023_07_26,b64d553c-5249-4054-92c2-17f38034c737,Dipteryx oleifera,569.8954678500461,0.97284722328186,007927,0.974576630198878
2244,2244,yes,100,30,good,vscuwfVrXQb1Zn8DOeZR,078e0ab3-42ac-4a64-b96b-09cdf590f024_2021-07-02,2021_07_02,078e0ab3-42ac-4a64-b96b-09cdf590f024,Dipteryx oleifera,843.8135009119013,0.980324387550354,004186,0.977601123448317
2245,2245,yes,100,30,good,7jXoSAslxRUpf3eYmbpq,12b63c8a-a985-4ff7-af7c-025a7994f8d6_2018-08-27,2018_08_27,12b63c8a-a985-4ff7-af7c-025a7994f8d6,,93.7207204802271,0.98227596282959,000000,0.858036748224759
2246,2246,yes,100,30,good,FRrShsl4HvLPwQUi7iPQ,1b2d824f-e332-48a7-900c-36972643cdc6_2018-04-04,2018_04_04,1b2d824f-e332-48a7-900c-36972643cdc6,Jacaranda copaia,119.3519152125787,0.965285658836365,003562,0.846093870622257
2247,2247,yes,100,30,good,3T4Os67lSvyPypND7VFq,4c1aed8c-779a-4977-b554-3e6f7579dd42_2019-09-23,2019_09_23,4c1aed8c-779a-4977-b554-3e6f7579dd42,Zanthoxylum ekmanii,129.24162811773462,0.963905572891235,233400,0.903789559140671
2248,2248,yes,100,30,good,E7cmKtECICZC0z42tXgc,5885641f-ccca-4c4c-a4f6-0343feb0e084_2023-09-19,2023_09_19,5885641f-ccca-4c4c-a4f6-0343feb0e084,Zanthoxylum ekmanii,96.76542773953037,0.979447364807129,268199,0.937485024949378
2249,2249,yes,100,30,good,H7TJsTiL3tdgcVt4eIm6,6195b4c2-773e-40ae-bd5c-51c153f198c8_2018-08-27,2018_08_27,6195b4c2-773e-40ae-bd5c-51c153f198c8,Zanthoxylum ekmanii,183.35779590075603,0.979221940040588,074610,0.888259677834068
2250,2250,yes,100,30,good,nFaNZTnCkO7ZiGPeRgch,a230d4dd-a9f9-4aa0-8432-ae08e0067648_2018-07-24,2018_07_24,a230d4dd-a9f9-4aa0-8432-ae08e0067648,Dipteryx oleifera,217.55235674660398,0.980907559394836,138502,0.962905543286686
2251,2251,yes,100,30,good,0ta17SWNEfqXuGZl2jEE,d574d73e-9c28-4a45-baa7-bb935c1246db_2021-12-28,2021_12_28,d574d73e-9c28-4a45-baa7-bb935c1246db,Guatteria lucens,135.49455093123294,0.982346773147583,005631,0.904422545537589
2252,2252,yes,100,30,good,jBEzNl6pXp3IOJZSj4NU,d574d73e-9c28-4a45-baa7-bb935c1246db_2022-10-27,2022_10_27,d574d73e-9c28-4a45-baa7-bb935c1246db,Guatteria lucens,137.78569822162186,0.958662033081055,005631,0.816575260321566
2253,2253,yes,100,31,good,3N2iEHTS6GgSIUVWwtMR,a1b8ea4c-fbea-434c-a2f5-d3b57ed5000e_2023-09-19,2023_09_19,a1b8ea4c-fbea-434c-a2f5-d3b57ed5000e,Zanthoxylum ekmanii,159.18903560922402,0.966746687889099,400430,0.909113988322935
2254,2254,yes,100,34,good,yOZSOmHxtxfxsnBBZPkC,b12963c8-dd0c-4232-b0af-ebf221728922_2023-03-07,2023_03_07,b12963c8-dd0c-4232-b0af-ebf221728922,Jacaranda copaia,83.33032689505592,0.989646792411804,004905,0.801263443552309
2255,2255,yes,100,35,good,WO2cLaNUnl7rA34vFKnb,11929b19-8bb8-4ea4-a0f0-8010fe06876b_2023-09-19,2023_09_19,11929b19-8bb8-4ea4-a0f0-8010fe06876b,Zanthoxylum ekmanii,233.8117841046094,0.988826751708984,150678,0.866028687574181
2256,2256,yes,100,35,good,t4GhnRnJlqmZZnIldrJB,3b4679bd-76b6-43fe-b740-9f274fea7195_2023-07-11,2023_07_11,3b4679bd-76b6-43fe-b740-9f274fea7195,Dipteryx oleifera,561.7880969199651,0.99968147277832,003711,0.984294310496517
2257,2257,yes,100,35,good,awyqxTQ6riWkT1ngCK1N,48aa773c-82c6-4b79-aecf-d9ee36038bf8_2021-02-25,2021_02_25,48aa773c-82c6-4b79-aecf-d9ee36038bf8,Prioria copaifera,104.3660245131693,0.978128552436829,003508,0.953808797786364
2258,2258,yes,100,35,good,V5MG0slGZqFMz8xiOVbr,c610d05b-81e1-4611-a573-e9719f8cc0c4_2021-07-02,2021_07_02,c610d05b-81e1-4611-a573-e9719f8cc0c4,Dipteryx oleifera,590.4111887787718,0.978520631790161,001907,0.895931143668167
2259,2259,yes,100,38,good,iOkN3G5gk88XTLpt1efJ,88476338-757c-4c9b-8374-1545e2e63b02_2023-03-07,2023_03_07,88476338-757c-4c9b-8374-1545e2e63b02,Jacaranda copaia,88.2193264763778,0.978053689002991,023568,0.883641439343927
2260,2260,yes,100,40,good,2pMbgWSa66IXG3MNeLbK,1f8c830c-0677-4d8c-91d6-381846a34ff0_2018-04-25,2018_04_25,1f8c830c-0677-4d8c-91d6-381846a34ff0,Chrysophyllum argenteum,147.24683658938838,0.98981761932373,007382,0.856586065305884
2261,2261,yes,100,40,good,eBXifn6UjSQu6fjJ8HGn,2ead06d6-dfab-40ef-8d4e-f5d506f0b056_2018-04-04,2018_04_04,2ead06d6-dfab-40ef-8d4e-f5d506f0b056,Jacaranda copaia,73.79098890773871,0.963799476623535,155636,0.900195828709761
2262,2262,yes,100,40,good,RldDc5wpFbTria5GMtA5,9adf88db-a296-4aca-a8dc-3c6ed9493244_2018-08-27,2018_08_27,9adf88db-a296-4aca-a8dc-3c6ed9493244,Zanthoxylum ekmanii,252.37657686618323,0.991634488105774,106463,0.928149245584229
2263,2263,yes,100,41,good,TDbAbbcmYpeCz4obENdz,7f8eba52-c7f6-4dc5-b1c1-b1569036ec2e_2023-03-07,2023_03_07,7f8eba52-c7f6-4dc5-b1c1-b1569036ec2e,Jacaranda copaia,126.17254695142216,0.989078640937805,143796,0.839144023122821
2264,2264,yes,100,45,good,D3x21WSm9KCuaTaP26D1,07229996-c4ee-4a89-b965-b388ae155457_2022-10-27,2022_10_27,07229996-c4ee-4a89-b965-b388ae155457,Guazuma ulmifolia,274.02263774754255,0.960699677467346,131146,0.720045678331051
2265,2265,yes,100,45,good,rxTaPor07fdCPNOkHTrX,078e0ab3-42ac-4a64-b96b-09cdf590f024_2023-07-11,2023_07_11,078e0ab3-42ac-4a64-b96b-09cdf590f024,Dipteryx oleifera,843.3595368878755,0.99968147277832,004186,0.987360979166323
2266,2266,yes,100,45,good,s8Ao7q5Y1I66dv1VDMfb,d47b3678-9f11-4811-9930-c969df5fac0e_2023-06-13,2023_06_13,d47b3678-9f11-4811-9930-c969df5fac0e,Dipteryx oleifera,581.8742277310201,0.998042464256287,007168,0.97710827865992
2267,2267,yes,100,47,good,D4UNc0ZBsLMmI8PPEWAv,3c42d92e-2311-49b9-8937-37db095d0b83_2023-03-07,2023_03_07,3c42d92e-2311-49b9-8937-37db095d0b83,Jacaranda copaia,160.44733857578169,0.991762042045593,002636,0.96967942141041
2269,2269,yes,100,50,good,LbmYvYTqHYKmD9nLD15o,11929b19-8bb8-4ea4-a0f0-8010fe06876b_2023-10-03,2023_10_03,11929b19-8bb8-4ea4-a0f0-8010fe06876b,Zanthoxylum ekmanii,223.71083066917663,0.98815381526947,150678,0.972031878612134
2270,2270,yes,100,50,good,diFiLjJ5yrVGjxodutUu,368091a5-94a3-41a8-abee-29d85d4a16f6_2022-10-27,2022_10_27,368091a5-94a3-41a8-abee-29d85d4a16f6,Guatteria lucens,125.03712910075261,0.964698433876038,001376,0.845911935108981
2271,2271,yes,100,50,good,2VBlIxhUfdHIQ5MdvwSJ,4c1aed8c-779a-4977-b554-3e6f7579dd42_2020-09-21,2020_09_21,4c1aed8c-779a-4977-b554-3e6f7579dd42,Zanthoxylum ekmanii,152.4598060228407,0.983606576919556,233400,0.925854425854618
2272,2272,yes,100,50,good,KEa86XkKqShf9AxUm8BC,972d47ce-5ace-4a92-84a4-e5683f325f0c_2021-12-28,2021_12_28,972d47ce-5ace-4a92-84a4-e5683f325f0c,Terminalia amazonia,201.23402577909744,0.972225308418274,198815,0.848779401582302
2275,2275,yes,100,50,good,mBiJZC9V19NcjYcgZWYG,ba68b875-98e6-4b7b-912f-c0fb82c4296f_2018-04-04,2018_04_04,ba68b875-98e6-4b7b-912f-c0fb82c4296f,Jacaranda copaia,205.66093670070293,0.986873030662537,003840,0.910722271912259
2276,2276,yes,100,50,good,SzUPKx5ZW7EBBdNYAZgi,ece0727d-547f-4e01-b03f-f776af1a253b_2018-08-27,2018_08_27,ece0727d-547f-4e01-b03f-f776af1a253b,Zanthoxylum ekmanii,44.5169106068247,0.965427041053772,815514,0.78145317435841
2277,2277,yes,100,52,good,XB9H0uljmVg4RLC529y3,71e9d737-3268-4975-a45d-3ec5b2bdb355_2023-07-26,2023_07_26,71e9d737-3268-4975-a45d-3ec5b2bdb355,Dipteryx oleifera,334.71569819552116,0.990103006362915,002854,0.974046362784488
2278,2278,yes,100,60,good,fW0LWEBVavHC9bA9oWG0,98c2c48b-b852-4703-ab5b-2d7a90a7bfca_2023-03-07,2023_03_07,98c2c48b-b852-4703-ab5b-2d7a90a7bfca,Jacaranda copaia,168.60650405940683,0.987696170806885,004775,0.947484695392311
2279,2279,yes,100,60,good,Cnuaj9KrpUgtCvc2w6ym,b1945803-ae99-41d4-9b22-93c4f92e57a3_2023-09-19,2023_09_19,b1945803-ae99-41d4-9b22-93c4f92e57a3,Prioria copaifera,221.8665383469012,0.98170804977417,008333,0.975097010019513
2280,2280,yes,100,60,good,2YyXiBAiXI9ExQMpaGkR,d6b6e4ed-8feb-499a-838c-a788619747da_2021-07-02,2021_07_02,d6b6e4ed-8feb-499a-838c-a788619747da,Dipteryx oleifera,945.8761911812434,0.96851372718811,001342,0.916559704765204
2281,2281,yes,100,60,good,oRT8Fl1M6uxNhAeWZgPC,e43409df-8e33-4421-9c3f-8be849a95bc4_2023-09-12,2023_09_12,e43409df-8e33-4421-9c3f-8be849a95bc4,Virola surinamensis,134.91160831366062,0.983757853507996,173210,0.89854255226956
2282,2282,yes,100,60,good,UbHVreCUWBauh27ZQ4CD,eb33b304-2ad4-4f9e-9fb5-27fb2ecfd885_2023-03-21,2023_03_21,eb33b304-2ad4-4f9e-9fb5-27fb2ecfd885,Jacaranda copaia,228.11844558101043,0.970138669013977,004332,0.948670016484709
2283,2283,yes,100,60,good,OWYpu1nD3CNI8T4fiaTN,f064b4b9-736e-4bd4-8298-86d5f41bb3d8_2020-09-21,2020_09_21,f064b4b9-736e-4bd4-8298-86d5f41bb3d8,Inga marginata,113.78044622502307,0.991996765136719,433296,0.746979024165306
2284,2284,yes,100,60,good,Meq0prI4aibHo02NvcIV,f6a001af-e0e1-424b-9d59-257af22c954e_2023-10-31,2023_10_31,f6a001af-e0e1-424b-9d59-257af22c954e,Tachigali panamensis,386.0735521306335,0.984793186187744,118796,0.952117683932612
2285,2285,yes,100,62,good,WkElDVufY0jR3IMMir4Q,14c7509c-1ea2-4d48-953e-cec5424e14b7_2019-06-27,2019_06_27,14c7509c-1ea2-4d48-953e-cec5424e14b7,Dipteryx oleifera,165.22056209762397,0.989813923835754,004250,0.906012548845741
2286,2286,yes,100,62,good,Qp4q2H5avZJ19T9OgB6P,a230d4dd-a9f9-4aa0-8432-ae08e0067648_2023-07-26,2023_07_26,a230d4dd-a9f9-4aa0-8432-ae08e0067648,Dipteryx oleifera,250.05496219150788,0.976867496967316,138502,0.977176964882489
2287,2287,yes,100,64,good,9wwJqx4SQbAdyUtJigFc,5a257d0b-73b3-4ac7-8e36-88e58d072ab7_2023-03-07,2023_03_07,5a257d0b-73b3-4ac7-8e36-88e58d072ab7,Jacaranda copaia,54.31928367766864,0.981514930725098,180910,0.843382737574265
2288,2288,yes,100,65,good,dASpZNodMYcs8uLRWGqh,0027e09f-ffc3-49d9-ac29-c0bc405951c3_2018-04-04,2018_04_04,0027e09f-ffc3-49d9-ac29-c0bc405951c3,Jacaranda copaia,279.3310716513412,0.979062438011169,006277,0.929514795244156
2289,2289,yes,100,65,good,nYtvpw7NUosR6gakf9w3,58e2c5dc-995d-41d2-9937-3b3edef36b44_2018-07-24,2018_07_24,58e2c5dc-995d-41d2-9937-3b3edef36b44,Dipteryx oleifera,212.5069579264688,0.987646460533142,007058,0.950930680654112
2290,2290,yes,100,65,good,JbFnrlk5mbHV9lWoLPxq,60f88280-ea70-49e3-812f-79915e7c7882_2021-07-02,2021_07_02,60f88280-ea70-49e3-812f-79915e7c7882,Dipteryx oleifera,524.7976457849512,0.963585495948792,000684,0.801882322738884
2291,2291,yes,100,65,good,H8SvdKFDMEpUtNMn4nFc,60f88280-ea70-49e3-812f-79915e7c7882_2023-05-23,2023_05_23,60f88280-ea70-49e3-812f-79915e7c7882,Dipteryx oleifera,402.8560020381766,0.964412093162537,000684,0.971622014103945
2292,2292,yes,100,65,good,xBaRgN201YaqT84MN1n3,81999dbd-1379-4dcb-9d85-3362649f7abc_2023-06-13,2023_06_13,81999dbd-1379-4dcb-9d85-3362649f7abc,Dipteryx oleifera,429.90088427533,0.988474011421204,002619,0.942286858680695
2293,2293,yes,100,65,good,wJzXk1bQ6brn35Ql3FD5,bcf66f6c-8b4c-43b0-b619-5903d8f61152_2023-07-26,2023_07_26,bcf66f6c-8b4c-43b0-b619-5903d8f61152,Guarea grandifolia,118.72834941626583,0.988407969474792,203851,0.953994932430955
2294,2294,yes,100,65,good,bg9dwed4UtTGrC99LA4Y,e43409df-8e33-4421-9c3f-8be849a95bc4_2023-09-19,2023_09_19,e43409df-8e33-4421-9c3f-8be849a95bc4,Virola surinamensis,135.8347700546854,0.98366379737854,173210,0.9208718364394
2295,2295,yes,100,67,good,kFnLV8Tpk1IcXbhJguBh,6b6cce67-2b33-4e38-8090-99b53e9c81d7_2023-07-26,2023_07_26,6b6cce67-2b33-4e38-8090-99b53e9c81d7,Dipteryx oleifera,129.85605369897678,0.981359243392944,001424,0.952766656638996
2296,2296,yes,100,68,good,2RRPj9vP0OWWgce6d3bF,67acee3c-df00-47ce-9c56-4db12b289400_2023-03-07,2023_03_07,67acee3c-df00-47ce-9c56-4db12b289400,Jacaranda copaia,75.69012252154575,0.977653503417969,539133,0.964824514423829
2297,2297,yes,100,70,good,PcVWhUkPHyP7rWYxG7sv,3b915ee0-2ab3-481d-9082-c5a3be5c4022_2018-07-24,2018_07_24,3b915ee0-2ab3-481d-9082-c5a3be5c4022,Sterculia apetala,336.34874998776166,0.995752096176147,003337,0.979960598871932
2298,2298,yes,100,70,good,1JGFu8gZvBRUL7uwb7VT,4b9767a5-9fee-4013-b02b-1c86504cfa3c_2024-02-15,2024_02_15,4b9767a5-9fee-4013-b02b-1c86504cfa3c,Jacaranda copaia,162.24796098075703,0.982787370681763,007638,0.824631046514773
2300,2300,yes,100,70,good,ce8pvqyrLb795owLaLKx,922bf85b-f020-438d-91b7-86a2b5645b25_2019-05-31,2019_05_31,922bf85b-f020-438d-91b7-86a2b5645b25,Dipteryx oleifera,412.2318326088548,0.970217227935791,007221,0.929366737062694
2301,2301,yes,100,70,good,A4ks8NPyZ82k8x0UBuj0,bcf66f6c-8b4c-43b0-b619-5903d8f61152_2023-03-21,2023_03_21,bcf66f6c-8b4c-43b0-b619-5903d8f61152,Guarea grandifolia,133.28058768075934,0.982389092445374,203851,0.800232051774148
2302,2302,yes,100,75,good,HltPT1DHwl0dBY9tzqVB,0e6d3e00-7797-46fb-b57c-039aca5ce308_2019-07-24,2019_07_24,0e6d3e00-7797-46fb-b57c-039aca5ce308,Ceiba pentandra,1016.0740599142515,0.994777858257294,007772,0.912727087535674
2303,2303,yes,100,75,good,Ig6lv4MODvVzrkQjFyuw,38779fc6-7cf0-4675-9bab-205979e6dbfe_2023-03-21,2023_03_21,38779fc6-7cf0-4675-9bab-205979e6dbfe,Terminalia amazonia,259.8888182256752,0.989689707756042,004545,0.943811393427363
2304,2304,yes,100,75,good,t302xK9bFta7cFqYwa8l,4c1aed8c-779a-4977-b554-3e6f7579dd42_2019-10-17,2019_10_17,4c1aed8c-779a-4977-b554-3e6f7579dd42,Zanthoxylum ekmanii,137.49321133360172,0.987703323364258,233400,0.906340456508222
2305,2305,yes,100,75,good,Po0MTrO5Ct16omXQGY1W,71e9d737-3268-4975-a45d-3ec5b2bdb355_2023-07-11,2023_07_11,71e9d737-3268-4975-a45d-3ec5b2bdb355,Dipteryx oleifera,327.615782101861,0.988846898078918,002854,0.955409975291331
2306,2306,yes,100,75,good,imRBmZNEB172eivhWzGF,b64d553c-5249-4054-92c2-17f38034c737_2021-07-02,2021_07_02,b64d553c-5249-4054-92c2-17f38034c737,Dipteryx oleifera,522.8568734129047,0.963600635528564,007927,0.91878474088894
2307,2307,yes,100,78,good,9ffakTktepQHGRILjr2w,a4754835-3609-4f7b-a756-02bf099dc0f9_2023-03-07,2023_03_07,a4754835-3609-4f7b-a756-02bf099dc0f9,Triplaris cumingiana,49.6973814971819,0.979532599449158,116668,0.921283426648678
2308,2308,yes,100,80,good,HDSKkafvGu1TPDQdERLv,3b4679bd-76b6-43fe-b740-9f274fea7195_2023-06-13,2023_06_13,3b4679bd-76b6-43fe-b740-9f274fea7195,Dipteryx oleifera,550.6878132827553,0.998743534088135,003711,0.96825878319916
2309,2309,yes,100,80,good,4O8igJZxcOGgrcTLT0NH,a366d4f8-2abc-4a52-aefe-20f8466233db_2023-07-26,2023_07_26,a366d4f8-2abc-4a52-aefe-20f8466233db,Dipteryx oleifera,575.462874519233,0.97760534286499,006058,0.982931113787629
2310,2310,yes,100,80,good,aRd4mK46vv92YpWIYSal,b64d553c-5249-4054-92c2-17f38034c737_2023-07-11,2023_07_11,b64d553c-5249-4054-92c2-17f38034c737,Dipteryx oleifera,564.2884535818847,0.953122138977051,007927,0.980633812249465
2311,2311,yes,100,80,good,HL8JCbfXRhKJncb5qiuf,e87dd7a3-f3da-4bf6-a53e-bbe8b9a034d3_2023-03-21,2023_03_21,e87dd7a3-f3da-4bf6-a53e-bbe8b9a034d3,Jacaranda copaia,56.01733255573211,0.959224343299866,515943,0.928288244232598
2312,2312,yes,100,80,good,zb7rwH4Ib0a3TLv1vtDx,f6a001af-e0e1-424b-9d59-257af22c954e_2023-06-27,2023_06_27,f6a001af-e0e1-424b-9d59-257af22c954e,Tachigali panamensis,373.4336500131911,0.98823344707489,118796,0.940634690278552
2313,2313,yes,100,80,good,jr3K6XwJ6JlrxxuCW2nX,fa23842a-ea4a-4319-a455-9ddcc22bb3c3_2024-02-15,2024_02_15,fa23842a-ea4a-4319-a455-9ddcc22bb3c3,Cavanillesia platanifolia,316.0463007487777,0.998231172561646,003008,0.923185264262948
2314,2314,yes,100,80,good,CsCrYcoqrsTlI6nFbhT2,fc641d4a-4e79-46c5-9b37-592ab13d31bf_2023-06-13,2023_06_13,fc641d4a-4e79-46c5-9b37-592ab13d31bf,Dipteryx oleifera,484.1846226714272,0.991000294685364,004153,0.960835011872128
2315,2315,yes,100,81,good,ybztHh9zqGXQQtyk3g1l,4e481c36-9f3b-4d3c-9ffd-cc9a678fadcb_2022-04-27,2022_04_27,4e481c36-9f3b-4d3c-9ffd-cc9a678fadcb,Prioria copaifera,244.30170447860988,0.969740986824036,004583,0.949441383716802
2316,2316,yes,100,85,good,2BK3fNo6WvwNwDPxV8Jl,078e0ab3-42ac-4a64-b96b-09cdf590f024_2019-06-27,2019_06_27,078e0ab3-42ac-4a64-b96b-09cdf590f024,Dipteryx oleifera,823.1200535756495,0.987281441688538,004186,0.976641088528541
2317,2317,yes,100,85,good,q6yZshdX10rxMEaX1i1N,078e0ab3-42ac-4a64-b96b-09cdf590f024_2023-06-27,2023_06_27,078e0ab3-42ac-4a64-b96b-09cdf590f024,Dipteryx oleifera,833.2931131544481,0.977441787719727,004186,0.983631890852911
2318,2318,yes,100,85,good,koqazJVPFZIEOQju6ivz,1b2d824f-e332-48a7-900c-36972643cdc6_2023-03-21,2023_03_21,1b2d824f-e332-48a7-900c-36972643cdc6,Jacaranda copaia,141.41944157513464,0.969845533370972,003562,0.940198884932039
2319,2319,yes,100,85,good,HgWLcIJ7UJ7t2v7oFInu,46f61b1f-704d-4a43-9cc8-85bac4432a3f_2023-03-07,2023_03_07,46f61b1f-704d-4a43-9cc8-85bac4432a3f,Jacaranda copaia,273.99521710135446,0.979532599449158,004364,0.93541853438377
2320,2320,yes,100,85,good,Mxx6bzLFordqQhiVNQ9h,4b7feb78-6af2-4b56-a1d5-b0921a9612d1_2023-10-31,2023_10_31,4b7feb78-6af2-4b56-a1d5-b0921a9612d1,Virola surinamensis,181.53076842899193,0.984659790992737,000588,0.8730983302425
2321,2321,yes,100,85,good,4376zNnuVIUkqzIioVuv,60f88280-ea70-49e3-812f-79915e7c7882_2023-06-13,2023_06_13,60f88280-ea70-49e3-812f-79915e7c7882,Dipteryx oleifera,503.44813410941896,0.959152698516846,000684,0.828852086639658
2322,2322,yes,100,85,good,fjS7EUjZMH7cHMzhT0Nr,c1b851e9-a1f0-46eb-a056-1a157ad9f56c_2023-10-31,2023_10_31,c1b851e9-a1f0-46eb-a056-1a157ad9f56c,Beilschmiedia tovarensis,132.1736060551001,0.984659790992737,001402,0.798827602004218
2323,2323,yes,100,85,good,mWztHRhNTvW2gG9zTc3Q,d47b3678-9f11-4811-9930-c969df5fac0e_2023-06-27,2023_06_27,d47b3678-9f11-4811-9930-c969df5fac0e,Dipteryx oleifera,583.1101879495457,0.99535608291626,007168,0.976987702214576
2324,2324,yes,100,85,good,4mivQZizlULo2uAylCnX,e03db8cf-6139-4e0b-96da-27a7b4d68ef8_2021-07-02,2021_07_02,e03db8cf-6139-4e0b-96da-27a7b4d68ef8,Dipteryx oleifera,451.95317694576886,0.96851372718811,000670,0.915678591963823
2325,2325,yes,100,85,good,d2OTgf5rGnAvT5NhpH4O,e03db8cf-6139-4e0b-96da-27a7b4d68ef8_2023-07-11,2023_07_11,e03db8cf-6139-4e0b-96da-27a7b4d68ef8,Dipteryx oleifera,456.8381142098398,0.985372543334961,000670,0.990123522461885
2326,2326,yes,100,85,good,oQQDBS6C1s1ptE7ke4RV,e0fcabd2-7d25-4928-acc9-c0ae57254806_2024-01-03,2024_01_03,e0fcabd2-7d25-4928-acc9-c0ae57254806,Pouteria reticulata,184.860853520227,0.99117636680603,107833,0.7653356371204
2327,2327,yes,100,85,good,kxI7qEf5aM03hTeRq60h,e7a571e8-34b4-4bd0-af48-3eecd9d9b05f_2024-02-15,2024_02_15,e7a571e8-34b4-4bd0-af48-3eecd9d9b05f,Jacaranda copaia,47.24374149085474,0.982404172420502,007777,0.664675050148583
2328,2328,yes,100,86,good,guY36nBl3oh1IweTxpT4,7f8eba52-c7f6-4dc5-b1c1-b1569036ec2e_2018-04-04,2018_04_04,7f8eba52-c7f6-4dc5-b1c1-b1569036ec2e,Jacaranda copaia,93.26167855856689,0.95342618227005,143796,0.897427159654429
2329,2329,yes,100,89,good,JzsAsEWXA5JXNszIqx2p,b46f9eca-3c1a-4e32-ace7-a26cd80f1bed_2023-10-31,2023_10_31,b46f9eca-3c1a-4e32-ace7-a26cd80f1bed,Prioria copaifera,96.36732058608081,0.987940073013306,005565,0.843911248711008
2330,2330,yes,100,90,good,CdLCYqF84rGTqaaQMztN,171af40a-2fab-4783-a657-f93ee86d7b42_2023-07-11,2023_07_11,171af40a-2fab-4783-a657-f93ee86d7b42,Quararibea stenophylla,63.96728866815147,0.990964651107788,005934,0.945727738103018
2331,2331,yes,100,90,good,2FoIIddX65x4GOQaF5QM,7b1acde9-37eb-4fd9-82aa-bded8b60195e_2018-04-04,2018_04_04,7b1acde9-37eb-4fd9-82aa-bded8b60195e,Tabebuia rosea,99.89544367436311,0.983360111713409,000938,0.828417886266515
2332,2332,yes,100,90,good,szf8rRiygjahjbXoaaLW,81e890bb-2e31-44ff-a212-96af872e73a6_2018-04-04,2018_04_04,81e890bb-2e31-44ff-a212-96af872e73a6,Tabebuia rosea,69.12237007155969,0.951310396194458,002254,0.761387913113034
2333,2333,yes,100,90,good,HNDj5DplMTyiRTpfBMV2,83d7db1d-e646-4351-9c46-db29444f83e0_2021-02-25,2021_02_25,83d7db1d-e646-4351-9c46-db29444f83e0,Handroanthus guayacan,158.42125752741362,0.987704992294312,001675,0.872583297869524
2334,2334,yes,100,90,good,iLe3UzSUY6PSJzlJyNqC,885e5ddb-25d8-474d-9010-30ec51bc7494_2023-07-11,2023_07_11,885e5ddb-25d8-474d-9010-30ec51bc7494,Quararibea stenophylla,84.40176323864549,0.991605401039124,003402,0.970638869889051
2335,2335,yes,100,90,good,aUgR3U2TAGhf7bmjg71b,8af9376d-6b69-4c06-8b6c-d12d96e895ce_2023-03-07,2023_03_07,8af9376d-6b69-4c06-8b6c-d12d96e895ce,Jacaranda copaia,106.03055926888513,0.977653503417969,066623,0.962068869320573
2336,2336,yes,100,90,good,lnQnLxsfUS4OaMYcN0pj,8af9376d-6b69-4c06-8b6c-d12d96e895ce_2023-03-07,2023_03_07,8af9376d-6b69-4c06-8b6c-d12d96e895ce,Jacaranda copaia,106.03055926888513,0.977653503417969,066623,0.962068869320573
2337,2337,yes,100,90,good,3BBAHWvGeDr3pgceYe5o,922bf85b-f020-438d-91b7-86a2b5645b25_2023-06-13,2023_06_13,922bf85b-f020-438d-91b7-86a2b5645b25,Dipteryx oleifera,458.1471961499806,0.985813021659851,007221,0.893378412719263
2338,2338,yes,100,90,good,haAnTkka9QdqYPIeTlCE,93d06e14-3d23-493c-a0b1-f74fd674eb46_2023-06-13,2023_06_13,93d06e14-3d23-493c-a0b1-f74fd674eb46,Dipteryx oleifera,816.6599525502114,0.984627366065979,001246,0.930986891772503
2339,2339,yes,100,90,good,97CYdV0QaQRuwfzC1uG2,a366d4f8-2abc-4a52-aefe-20f8466233db_2018-07-24,2018_07_24,a366d4f8-2abc-4a52-aefe-20f8466233db,Dipteryx oleifera,487.63353056068604,0.998069584369659,006058,0.869201540684799
2340,2340,yes,100,90,good,QPo34cHMztlkKgDUABIe,bcf59fd0-ef26-40d0-9f77-91800fe1b656_2023-07-26,2023_07_26,bcf59fd0-ef26-40d0-9f77-91800fe1b656,Dipteryx oleifera,330.85954293771607,0.978321194648743,005440,0.962591836305013
2341,2341,yes,100,90,good,ugw5G8FB9auenZD2bkSc,d1d6273f-2936-44b6-8266-ba25f8394aa9_2019-06-27,2019_06_27,d1d6273f-2936-44b6-8266-ba25f8394aa9,Dipteryx oleifera,267.82658738433315,0.984218001365662,003875,0.857891268166559
2342,2342,yes,100,90,good,KXNIn60nxzC5KaaywrSw,d6b6e4ed-8feb-499a-838c-a788619747da_2023-06-13,2023_06_13,d6b6e4ed-8feb-499a-838c-a788619747da,Dipteryx oleifera,998.8061621394504,0.981377243995667,001342,0.891654513044976
2343,2343,yes,100,90,good,JLv9Tyek77bVEEgsFEwy,d6b6e4ed-8feb-499a-838c-a788619747da_2023-06-27,2023_06_27,d6b6e4ed-8feb-499a-838c-a788619747da,Dipteryx oleifera,937.1807997363526,0.978055953979492,001342,0.932506984566137
2344,2344,yes,100,92,good,BSCmAWBx9uVygOij8bpP,71e9d737-3268-4975-a45d-3ec5b2bdb355_2018-07-24,2018_07_24,71e9d737-3268-4975-a45d-3ec5b2bdb355,Dipteryx oleifera,282.0639960121709,0.982211112976074,002854,0.775586161850402
2345,2345,yes,100,93,good,Qtbr0m2aHzIWnE6rPwws,b0e0daf6-3d04-4565-ad3f-42b83e21c188_2024-02-21,2024_02_21,b0e0daf6-3d04-4565-ad3f-42b83e21c188,Ceiba pentandra,991.0379947530652,0.992284536361694,004092,0.946228698029305
2346,2346,yes,100,93,good,GMUyDZTikxvLp5FpN2PW,bcf59fd0-ef26-40d0-9f77-91800fe1b656_2018-07-24,2018_07_24,bcf59fd0-ef26-40d0-9f77-91800fe1b656,Dipteryx oleifera,290.3064390128672,0.996871471405029,005440,0.874263570130413
2347,2347,yes,100,95,good,FtvE8repm1JVeBs1Hw1z,0e6d3e00-7797-46fb-b57c-039aca5ce308_2024-02-15,2024_02_15,0e6d3e00-7797-46fb-b57c-039aca5ce308,Ceiba pentandra,1093.3454396753689,0.982404172420502,007772,0.92177978231906
2348,2348,yes,100,95,good,rGxCEQtKSzkPDdjggPqQ,3b4679bd-76b6-43fe-b740-9f274fea7195_2019-06-27,2019_06_27,3b4679bd-76b6-43fe-b740-9f274fea7195,Dipteryx oleifera,524.4553955025946,0.984872162342072,003711,0.966398291316175
2349,2349,yes,100,95,good,RPeLvzaVJaZgTVG7VB0a,3b4679bd-76b6-43fe-b740-9f274fea7195_2021-07-02,2021_07_02,3b4679bd-76b6-43fe-b740-9f274fea7195,Dipteryx oleifera,538.6440563158108,0.980324387550354,003711,0.972191873303714
2350,2350,yes,100,95,good,HR5vehn15zYq54tap6oW,4090f4bf-d2a9-4d94-bc51-04e693e19916_2023-06-27,2023_06_27,4090f4bf-d2a9-4d94-bc51-04e693e19916,Tachigali panamensis,359.36482757791384,0.993323147296906,517424,0.945403741441633
2351,2351,yes,100,95,good,eKR8O0h5cxvJiyxfE9p7,6bf8d1d5-9961-4b9f-a019-a8c31949f892_2023-06-27,2023_06_27,6bf8d1d5-9961-4b9f-a019-a8c31949f892,Dipteryx oleifera,712.4594674909152,0.998795032501221,007715,0.986206730127821
2352,2352,yes,100,95,good,VtdRudTGKErkC0vHzhM8,a230d4dd-a9f9-4aa0-8432-ae08e0067648_2021-07-02,2021_07_02,a230d4dd-a9f9-4aa0-8432-ae08e0067648,Dipteryx oleifera,238.18080699646447,0.971861064434052,138502,0.951691965939042
2353,2353,yes,100,95,good,BiTK7aoQCkLlJ4f7koxV,a366d4f8-2abc-4a52-aefe-20f8466233db_2023-07-11,2023_07_11,a366d4f8-2abc-4a52-aefe-20f8466233db,Dipteryx oleifera,576.0884714749801,0.984751105308533,006058,0.990343646891139
2354,2354,yes,100,95,good,v4lJrpIInjzwgetaBoXN,c610d05b-81e1-4611-a573-e9719f8cc0c4_2023-07-11,2023_07_11,c610d05b-81e1-4611-a573-e9719f8cc0c4,Dipteryx oleifera,653.1029096293286,0.983745336532593,001907,0.98755894171952
2355,2355,yes,100,95,good,pu9MIiRnqdcesXQwhpv4,d1d6273f-2936-44b6-8266-ba25f8394aa9_2021-07-02,2021_07_02,d1d6273f-2936-44b6-8266-ba25f8394aa9,Dipteryx oleifera,302.4304267584813,0.980324387550354,003875,0.952766760341861
2356,2356,yes,100,95,good,QZ43kQYi2krMqrfPnu7B,f526e65c-3399-4403-8375-4ba1a74cb106_2018-04-04,2018_04_04,f526e65c-3399-4403-8375-4ba1a74cb106,Tabebuia rosea,155.81731175963918,0.95397961139679,001972,0.624412613940152
2357,2357,yes,100,95,good,1j8kvCTB8t2g2p4815VQ,f9284221-0641-4044-be1e-fdf348106725_2018-04-04,2018_04_04,f9284221-0641-4044-be1e-fdf348106725,Ocotea whitei,92.81787032899219,0.956394910812378,194320,0.829425622050737
2358,2358,yes,100,95,good,AbaMuZrnFCL0LBRu6xn4,fd10f41d-02a4-40b4-90bd-c506ad66acf5_2023-03-28,2023_03_28,fd10f41d-02a4-40b4-90bd-c506ad66acf5,Terminalia amazonia,252.64468984700522,0.961652636528015,094072,0.891913446092967
2359,2359,yes,100,96,good,fS9yoqMet9rktE5BSS4E,26b43ba8-6072-44c4-bbda-66bb6d5183d3_2023-07-11,2023_07_11,26b43ba8-6072-44c4-bbda-66bb6d5183d3,,121.82485122888718,0.953122138977051,000000,0.953940306636508
2360,2360,yes,100,96,good,6j69CxzdCC7CNK1hFNOF,81999dbd-1379-4dcb-9d85-3362649f7abc_2019-06-27,2019_06_27,81999dbd-1379-4dcb-9d85-3362649f7abc,Dipteryx oleifera,415.14045221886835,0.982843637466431,002619,0.950450445071812
2361,2361,yes,100,96,good,HF31IX4QiDVXWERTKe5p,b64d553c-5249-4054-92c2-17f38034c737_2019-06-27,2019_06_27,b64d553c-5249-4054-92c2-17f38034c737,Dipteryx oleifera,530.3386473878161,0.996199369430542,007927,0.933854969329055
2362,2362,yes,100,96,good,GFjzHtnWTWY9iJoopJ9Y,c610d05b-81e1-4611-a573-e9719f8cc0c4_2019-06-27,2019_06_27,c610d05b-81e1-4611-a573-e9719f8cc0c4,Dipteryx oleifera,613.2789917653458,0.990209460258484,001907,0.947300548676597
2363,2363,yes,100,97,good,psVNwaoE6ojIcC4kJK8k,58e2c5dc-995d-41d2-9937-3b3edef36b44_2019-06-27,2019_06_27,58e2c5dc-995d-41d2-9937-3b3edef36b44,Dipteryx oleifera,217.54220095176123,0.99999737739563,007058,0.966945593131686
2364,2364,yes,100,97,good,Mfz530UPWZcIcQOdUQCd,927de650-ec98-4e22-a8c8-2a47f56bf6f2_2018-04-04,2018_04_04,927de650-ec98-4e22-a8c8-2a47f56bf6f2,Jacaranda copaia,94.93941584740172,0.971280932426453,003382,0.929466016873182
2365,2365,yes,100,97,good,o6BEsr3pcRTykipSMwsg,a42f8633-4ba9-41af-b907-f44ea6c492af_2023-07-11,2023_07_11,a42f8633-4ba9-41af-b907-f44ea6c492af,Dipteryx oleifera,653.9519340681491,0.987934470176697,007173,0.95308203607067
2366,2366,yes,100,97,good,CHzNi1bqxN6RwIFtVKR6,fc641d4a-4e79-46c5-9b37-592ab13d31bf_2023-06-27,2023_06_27,fc641d4a-4e79-46c5-9b37-592ab13d31bf,Dipteryx oleifera,514.4458442200468,0.983524441719055,004153,0.9198422512354
2367,2367,yes,100,98,good,mqBfqtuwFBu9TZA0XutJ,ad8878ea-6354-4fb7-a617-cd0fadf76443_2023-03-21,2023_03_21,ad8878ea-6354-4fb7-a617-cd0fadf76443,Handroanthus guayacan,195.4106930828077,0.980295538902283,003825,0.88839907309333
2368,2368,yes,100,100,good,AUQvE5TsH9wikCAwdC9p,0e6d3e00-7797-46fb-b57c-039aca5ce308_2024-02-15,2024_02_15,0e6d3e00-7797-46fb-b57c-039aca5ce308,Ceiba pentandra,1093.3454396753689,0.982404172420502,007772,0.92177978231906
2369,2369,yes,100,100,good,I6tD5N6M4a6r3Z6edaXZ,3b4679bd-76b6-43fe-b740-9f274fea7195_2023-06-27,2023_06_27,3b4679bd-76b6-43fe-b740-9f274fea7195,Dipteryx oleifera,559.6949876262728,0.977441787719727,003711,0.980368865607803
2370,2370,yes,100,100,good,2CnCHgNyDQTJcfmEu9i0,4c123488-85cc-4c89-9b0e-2fc73c565521_2020-05-27,2020_05_27,4c123488-85cc-4c89-9b0e-2fc73c565521,Tachigali panamensis,538.9751352240512,0.996644735336304,216391,0.987690210496578
2371,2371,yes,100,100,good,E4xYcZmUigXkvcMnfpO8,6bf8d1d5-9961-4b9f-a019-a8c31949f892_2019-06-27,2019_06_27,6bf8d1d5-9961-4b9f-a019-a8c31949f892,Dipteryx oleifera,683.2767913425722,1.000028610229492,007715,0.951831353094746
2372,2372,yes,100,100,good,3HFj4PKhSunYkYnhRRCg,6bf8d1d5-9961-4b9f-a019-a8c31949f892_2023-07-11,2023_07_11,6bf8d1d5-9961-4b9f-a019-a8c31949f892,Dipteryx oleifera,714.0671297960017,0.986039161682129,007715,0.992672382000688
2373,2373,yes,100,100,good,me14dICxrjbHC5AebFGS,6df88440-88e9-4449-a3bb-4dbd5103595e_2023-07-11,2023_07_11,6df88440-88e9-4449-a3bb-4dbd5103595e,Quararibea stenophylla,106.8115398832636,0.988846898078918,003012,0.960686951652232
2374,2374,yes,100,100,good,E7SMRVUJknWOHy4aYiDr,81999dbd-1379-4dcb-9d85-3362649f7abc_2023-06-27,2023_06_27,81999dbd-1379-4dcb-9d85-3362649f7abc,Dipteryx oleifera,426.7698527613185,0.952485322952271,002619,0.961388757697276
2375,2375,yes,100,100,good,GBXR1P2f8Y0LSHVaiLY6,922bf85b-f020-438d-91b7-86a2b5645b25_2019-06-27,2019_06_27,922bf85b-f020-438d-91b7-86a2b5645b25,Dipteryx oleifera,433.0034795647402,0.944386601448059,007221,0.944369747111292
2376,2376,yes,100,100,good,z3MYGsStp9jsq7kVxv7i,922bf85b-f020-438d-91b7-86a2b5645b25_2023-06-27,2023_06_27,922bf85b-f020-438d-91b7-86a2b5645b25,Dipteryx oleifera,454.68407014779973,0.972313404083252,007221,0.969249493609314
2377,2377,yes,100,100,good,hsjAArSTcuPnwZ3p80fb,9f1c84a1-5eca-4d4c-b2dc-fb31071985a2_2023-03-21,2023_03_21,9f1c84a1-5eca-4d4c-b2dc-fb31071985a2,Jacaranda copaia,253.49879218357634,0.964461207389832,006655,0.956495054080908
2378,2378,yes,100,100,good,K3ZrwynjseaLdYKQsf9T,a114c3c2-1bd8-4aa7-8891-3402f47eba0a_2020-11-25,2020_11_25,a114c3c2-1bd8-4aa7-8891-3402f47eba0a,Platypodium elegans,263.0828156670583,0.970509767532349,004431,0.955538501479295
2379,2379,yes,100,100,good,LN9H1BC0WtmGp8SToJyO,a230d4dd-a9f9-4aa0-8432-ae08e0067648_2019-06-27,2019_06_27,a230d4dd-a9f9-4aa0-8432-ae08e0067648,Dipteryx oleifera,232.8063604269243,0.978855609893799,138502,0.951249544752994
2380,2380,yes,100,100,good,l07dOJgCUPpO5pF5Alyl,a30c93d4-9c1c-461d-8690-be2592f775ff_2023-07-11,2023_07_11,a30c93d4-9c1c-461d-8690-be2592f775ff,Dipteryx oleifera,776.3130112582074,0.978257656097412,007114,0.985473836420514
2381,2381,yes,100,100,good,uciAmAe6lkuDZXMnToio,b670ef23-b0e8-4309-a1e5-d356b869b3df_2019-06-27,2019_06_27,b670ef23-b0e8-4309-a1e5-d356b869b3df,Tachigali panamensis,116.32244164544461,0.986281514167786,197092,0.907535402567202
2382,2382,yes,100,100,good,rZIhwsRlTZyr17HY5QUJ,d1d6273f-2936-44b6-8266-ba25f8394aa9_2023-07-11,2023_07_11,d1d6273f-2936-44b6-8266-ba25f8394aa9,Dipteryx oleifera,308.87732525089933,0.987967848777771,003875,0.968244418576979
2383,2383,yes,100,100,good,xNOiw11CAwZ3RshEema3,d47b3678-9f11-4811-9930-c969df5fac0e_2019-06-27,2019_06_27,d47b3678-9f11-4811-9930-c969df5fac0e,Dipteryx oleifera,558.3371578712251,0.981264114379883,007168,0.962562931132322
2384,2384,yes,100,100,good,aBAcmGX84u2G8tFNE79r,dbf6452e-750f-4ed0-8369-9f1bf74147a6_2023-07-11,2023_07_11,dbf6452e-750f-4ed0-8369-9f1bf74147a6,Tachigali panamensis,83.38110586849216,0.975348472595215,130763,0.977300841910508
2385,2385,yes,100,100,good,kNtiZRcuRt9P4Fde3zn3,fd10f41d-02a4-40b4-90bd-c506ad66acf5_2018-04-04,2018_04_04,fd10f41d-02a4-40b4-90bd-c506ad66acf5,Terminalia amazonia,209.08445510320163,0.973998308181763,094072,0.899262289430224
2386,2386,yes,100,100,good,OEHPpcpSoZOMT0jnJEF1,fe79536f-a0ab-415b-8660-807cb81acfa5_2018-04-04,2018_04_04,fe79536f-a0ab-415b-8660-807cb81acfa5,Hura crepitans,179.53109244750732,0.969685077667236,000267,0.844787160264584
