GlobalID,date,leafing_label
0027e09f-ffc3-49d9-ac29-c0bc405951c3,2018_04_04,Fully Leafed
0027e09f-ffc3-49d9-ac29-c0bc405951c3,2021_11_24,Fully Leafed
0027e09f-ffc3-49d9-ac29-c0bc405951c3,2024_02_01,Fully Leafed
00d26dfc-b0c9-4381-8732-af1f08c8a68e,2021_01_27,Partially Leafed
00d26dfc-b0c9-4381-8732-af1f08c8a68e,2021_11_24,Fully Leafed
00d26dfc-b0c9-4381-8732-af1f08c8a68e,2023_10_31,Fully Leafed
01899a37-f35f-4410-9107-6876d3377460,2020_08_01,Fully Leafed
01a6cd45-e220-4bfe-a71d-13f54d8072ec,2021_11_24,Fully Leafed
01a6cd45-e220-4bfe-a71d-13f54d8072ec,2023_10_24,Fully Leafed
02627951-bdea-4eb6-9875-414a3b4956f3,2018_10_26,Fully Leafed
02627951-bdea-4eb6-9875-414a3b4956f3,2021_01_27,Partially Leafed
02627951-bdea-4eb6-9875-414a3b4956f3,2021_11_24,Out of Leafs
02779188-9032-4cbd-b907-0b39cdf94d36,2018_04_04,Fully Leafed
03ae9302-5023-4fd4-9884-d6d17a40b43a,2018_04_04,Out of Leafs
03e3899e-0c1e-4822-841c-7065f78fba2b,2020_08_01,Fully Leafed
03f69786-9e70-408a-a727-7ff0512d0551,2018_04_04,Partially Leafed
03f69786-9e70-408a-a727-7ff0512d0551,2019_01_28,Partially Leafed
03f69786-9e70-408a-a727-7ff0512d0551,2023_05_02,Partially Leafed
03f69786-9e70-408a-a727-7ff0512d0551,2024_02_15,Partially Leafed
03f69786-9e70-408a-a727-7ff0512d0551,2024_02_21,Partially Leafed
04554a8f-42bf-4700-b72c-d27f0d77f963,2018_04_04,Out of Leafs
05349bf1-e177-489a-a404-e043dbe2060d,2018_04_04,Partially Leafed
05349bf1-e177-489a-a404-e043dbe2060d,2019_01_28,Out of Leafs
05349bf1-e177-489a-a404-e043dbe2060d,2019_02_25,Out of Leafs
05349bf1-e177-489a-a404-e043dbe2060d,2020_08_01,Fully Leafed
05349bf1-e177-489a-a404-e043dbe2060d,2023_03_07,Out of Leafs
05349bf1-e177-489a-a404-e043dbe2060d,2023_07_11,Fully Leafed
05349bf1-e177-489a-a404-e043dbe2060d,2024_02_21,Partially Leafed
05349bf1-e177-489a-a404-e043dbe2060d,2024_02_28,Partially Leafed
05349bf1-e177-489a-a404-e043dbe2060d,2024_03_06,Partially Leafed
06470e14-a7a9-4685-bdf0-14ee6307e7dc,2018_04_04,Out of Leafs
06470e14-a7a9-4685-bdf0-14ee6307e7dc,2018_07_24,Out of Leafs
06470e14-a7a9-4685-bdf0-14ee6307e7dc,2023_03_07,Out of Leafs
06470e14-a7a9-4685-bdf0-14ee6307e7dc,2023_04_11,Partially Leafed
06470e14-a7a9-4685-bdf0-14ee6307e7dc,2023_12_05,Partially Leafed
06470e14-a7a9-4685-bdf0-14ee6307e7dc,2024_01_03,Out of Leafs
06470e14-a7a9-4685-bdf0-14ee6307e7dc,2024_01_09,Out of Leafs
06966454-7ca6-4168-9736-bd76ed153a9d,2018_04_04,Fully Leafed
06966454-7ca6-4168-9736-bd76ed153a9d,2022_03_30,Fully Leafed
0732ecc5-a138-46a7-bf04-908e86f59c7f,2018_04_04,Fully Leafed
0732ecc5-a138-46a7-bf04-908e86f59c7f,2021_07_28,Fully Leafed
0732ecc5-a138-46a7-bf04-908e86f59c7f,2021_11_24,Partially Leafed
0732ecc5-a138-46a7-bf04-908e86f59c7f,2024_01_09,Out of Leafs
0732ecc5-a138-46a7-bf04-908e86f59c7f,2024_02_01,Out of Leafs
0732ecc5-a138-46a7-bf04-908e86f59c7f,2024_02_08,Out of Leafs
0732ecc5-a138-46a7-bf04-908e86f59c7f,2024_02_15,Out of Leafs
0732ecc5-a138-46a7-bf04-908e86f59c7f,2024_02_28,Out of Leafs
078e0ab3-42ac-4a64-b96b-09cdf590f024,2018_04_04,Out of Leafs
078e0ab3-42ac-4a64-b96b-09cdf590f024,2018_04_25,Fully Leafed
078e0ab3-42ac-4a64-b96b-09cdf590f024,2019_07_24,Fully Leafed
078e0ab3-42ac-4a64-b96b-09cdf590f024,2019_10_17,Fully Leafed
078e0ab3-42ac-4a64-b96b-09cdf590f024,2020_02_27,Partially Leafed
078e0ab3-42ac-4a64-b96b-09cdf590f024,2020_06_15,Fully Leafed
078e0ab3-42ac-4a64-b96b-09cdf590f024,2021_03_25,Partially Leafed
078e0ab3-42ac-4a64-b96b-09cdf590f024,2021_10_27,Fully Leafed
078e0ab3-42ac-4a64-b96b-09cdf590f024,2021_11_24,Fully Leafed
078e0ab3-42ac-4a64-b96b-09cdf590f024,2022_03_30,Out of Leafs
078e0ab3-42ac-4a64-b96b-09cdf590f024,2022_06_29,Fully Leafed
078e0ab3-42ac-4a64-b96b-09cdf590f024,2023_01_30,Fully Leafed
078e0ab3-42ac-4a64-b96b-09cdf590f024,2023_03_07,Partially Leafed
078e0ab3-42ac-4a64-b96b-09cdf590f024,2023_04_18,Out of Leafs
078e0ab3-42ac-4a64-b96b-09cdf590f024,2023_06_27,Fully Leafed
078e0ab3-42ac-4a64-b96b-09cdf590f024,2023_08_08,Fully Leafed
078e0ab3-42ac-4a64-b96b-09cdf590f024,2023_08_15,Fully Leafed
078e0ab3-42ac-4a64-b96b-09cdf590f024,2023_12_05,Fully Leafed
078e0ab3-42ac-4a64-b96b-09cdf590f024,2023_12_12,Fully Leafed
078e0ab3-42ac-4a64-b96b-09cdf590f024,2024_01_03,Fully Leafed
078e0ab3-42ac-4a64-b96b-09cdf590f024,2024_01_09,Fully Leafed
078e0ab3-42ac-4a64-b96b-09cdf590f024,2024_01_17,Fully Leafed
078e0ab3-42ac-4a64-b96b-09cdf590f024,2024_02_08,Partially Leafed
078e0ab3-42ac-4a64-b96b-09cdf590f024,2024_02_15,Partially Leafed
078e0ab3-42ac-4a64-b96b-09cdf590f024,2024_02_28,Partially Leafed
078e0ab3-42ac-4a64-b96b-09cdf590f024,2024_03_06,Partially Leafed
078e0ab3-42ac-4a64-b96b-09cdf590f024,2024_03_18,Out of Leafs
07b1099c-e778-4dce-b3c8-14ad27373550,2019_12_26,Fully Leafed
08c4ec87-3de9-40d7-b64e-d3a85534739e,2018_04_04,Out of Leafs
08c4ec87-3de9-40d7-b64e-d3a85534739e,2018_05_23,Out of Leafs
08c4ec87-3de9-40d7-b64e-d3a85534739e,2023_04_11,Out of Leafs
0a3817e8-3335-4508-be71-2bd98ce68dda,2023_11_27,Fully Leafed
0a98be03-81a4-46b5-8be7-5ad7b14c2478,2018_04_04,Out of Leafs
0a98be03-81a4-46b5-8be7-5ad7b14c2478,2018_07_24,Partially Leafed
0a98be03-81a4-46b5-8be7-5ad7b14c2478,2018_10_26,Partially Leafed
0a98be03-81a4-46b5-8be7-5ad7b14c2478,2019_01_28,Out of Leafs
0a98be03-81a4-46b5-8be7-5ad7b14c2478,2020_02_27,Out of Leafs
0a98be03-81a4-46b5-8be7-5ad7b14c2478,2023_03_07,Out of Leafs
0c00d904-63a1-494d-94df-1442ba253e47,2021_01_27,Partially Leafed
0c00d904-63a1-494d-94df-1442ba253e47,2024_02_01,Partially Leafed
0c00d904-63a1-494d-94df-1442ba253e47,2024_02_15,Out of Leafs
0d1c24b9-4f81-4cc5-bda7-91b228555612,2018_04_04,Fully Leafed
0d1c24b9-4f81-4cc5-bda7-91b228555612,2018_07_24,Fully Leafed
0d1c24b9-4f81-4cc5-bda7-91b228555612,2021_12_28,Fully Leafed
0d1c24b9-4f81-4cc5-bda7-91b228555612,2023_12_12,Fully Leafed
0d1c24b9-4f81-4cc5-bda7-91b228555612,2024_01_03,Fully Leafed
0d1c24b9-4f81-4cc5-bda7-91b228555612,2024_02_21,Fully Leafed
0e6d3e00-7797-46fb-b57c-039aca5ce308,2018_04_04,Fully Leafed
0e6d3e00-7797-46fb-b57c-039aca5ce308,2020_06_15,Fully Leafed
0e6d3e00-7797-46fb-b57c-039aca5ce308,2021_01_27,Fully Leafed
0e6d3e00-7797-46fb-b57c-039aca5ce308,2021_11_24,Fully Leafed
0e6d3e00-7797-46fb-b57c-039aca5ce308,2023_11_14,Partially Leafed
0e6d3e00-7797-46fb-b57c-039aca5ce308,2024_01_03,Out of Leafs
0e6d3e00-7797-46fb-b57c-039aca5ce308,2024_01_09,Out of Leafs
0e6d3e00-7797-46fb-b57c-039aca5ce308,2024_01_17,Out of Leafs
0e6d3e00-7797-46fb-b57c-039aca5ce308,2024_01_25,Out of Leafs
0e6d3e00-7797-46fb-b57c-039aca5ce308,2024_02_15,Fully Leafed
0e6d3e00-7797-46fb-b57c-039aca5ce308,2024_02_21,Fully Leafed
0fae064a-282a-4ca5-ae26-2e31937efe07,2018_08_27,Fully Leafed
0fae064a-282a-4ca5-ae26-2e31937efe07,2019_07_24,Fully Leafed
0fae064a-282a-4ca5-ae26-2e31937efe07,2020_06_15,Out of Leafs
0fae064a-282a-4ca5-ae26-2e31937efe07,2020_08_01,Fully Leafed
0fae064a-282a-4ca5-ae26-2e31937efe07,2021_03_25,Fully Leafed
0fae064a-282a-4ca5-ae26-2e31937efe07,2023_03_07,Fully Leafed
0fae064a-282a-4ca5-ae26-2e31937efe07,2023_11_14,Fully Leafed
0fae064a-282a-4ca5-ae26-2e31937efe07,2023_11_27,Fully Leafed
0fae064a-282a-4ca5-ae26-2e31937efe07,2023_12_12,Fully Leafed
0fae064a-282a-4ca5-ae26-2e31937efe07,2024_01_03,Fully Leafed
10bc0c96-055c-4411-bc63-b3b7e59e7dea,2020_02_27,Out of Leafs
10bc0c96-055c-4411-bc63-b3b7e59e7dea,2023_02_22,Out of Leafs
10cb6ecb-bc70-45f7-b101-eaca8fb4d1a9,2024_02_21,Out of Leafs
11929b19-8bb8-4ea4-a0f0-8010fe06876b,2022_03_30,Out of Leafs
12cd9cec-6416-4a7e-9f62-88c159822a66,2018_07_24,Out of Leafs
12cd9cec-6416-4a7e-9f62-88c159822a66,2018_08_27,Out of Leafs
12cd9cec-6416-4a7e-9f62-88c159822a66,2020_08_01,Out of Leafs
12d17ac9-f1ef-4b77-a257-68bd0786abb4,2018_04_25,Out of Leafs
131edf4c-b018-40a7-a803-0c76df88dc1d,2018_05_23,Out of Leafs
131edf4c-b018-40a7-a803-0c76df88dc1d,2018_07_24,Out of Leafs
131edf4c-b018-40a7-a803-0c76df88dc1d,2019_02_25,Out of Leafs
131edf4c-b018-40a7-a803-0c76df88dc1d,2020_02_27,Out of Leafs
131edf4c-b018-40a7-a803-0c76df88dc1d,2022_03_30,Out of Leafs
131edf4c-b018-40a7-a803-0c76df88dc1d,2023_01_30,Partially Leafed
131edf4c-b018-40a7-a803-0c76df88dc1d,2023_02_22,Out of Leafs
131edf4c-b018-40a7-a803-0c76df88dc1d,2023_03_07,Out of Leafs
131edf4c-b018-40a7-a803-0c76df88dc1d,2023_04_11,Out of Leafs
131edf4c-b018-40a7-a803-0c76df88dc1d,2024_01_25,Out of Leafs
131edf4c-b018-40a7-a803-0c76df88dc1d,2024_02_08,Out of Leafs
131edf4c-b018-40a7-a803-0c76df88dc1d,2024_02_15,Out of Leafs
131edf4c-b018-40a7-a803-0c76df88dc1d,2024_03_06,Out of Leafs
131edf4c-b018-40a7-a803-0c76df88dc1d,2024_03_18,Out of Leafs
140179c2-6cd3-4725-be7e-883e1773e20a,2024_02_28,Fully Leafed
14b6b133-b35d-4814-a687-5c859bdbbfca,2018_07_24,Out of Leafs
15bc7a55-b267-4065-9da6-e4c655dc6f7d,2018_05_23,Out of Leafs
19684285-5810-4def-9245-decd242f73bb,2018_04_04,Out of Leafs
1add9ca2-a982-4fc6-bfc7-32357ece3114,2019_02_25,Out of Leafs
1b0f9adc-7055-4149-a482-065fef556dfd,2018_04_04,Out of Leafs
1b2d824f-e332-48a7-900c-36972643cdc6,2018_04_25,Fully Leafed
1b2d824f-e332-48a7-900c-36972643cdc6,2019_01_28,Out of Leafs
1b2d824f-e332-48a7-900c-36972643cdc6,2022_03_30,Fully Leafed
1b2d824f-e332-48a7-900c-36972643cdc6,2024_01_25,Out of Leafs
1b2d824f-e332-48a7-900c-36972643cdc6,2024_02_08,Out of Leafs
1b2d824f-e332-48a7-900c-36972643cdc6,2024_02_15,Out of Leafs
1b91eb07-99cb-44ce-83a1-1b610577f395,2024_01_03,Out of Leafs
1c0492d3-ce3f-4636-8933-0f74cf6e0cde,2019_10_17,Partially Leafed
1c0492d3-ce3f-4636-8933-0f74cf6e0cde,2021_11_24,Partially Leafed
1c0492d3-ce3f-4636-8933-0f74cf6e0cde,2024_01_03,Out of Leafs
1c0492d3-ce3f-4636-8933-0f74cf6e0cde,2024_01_17,Out of Leafs
1c11ea21-4357-4c26-bfcb-3ff9d3e3d891,2023_02_22,Out of Leafs
1c1fdfc0-a150-4eb0-bc3c-dfd459772be2,2018_04_25,Out of Leafs
1c1fdfc0-a150-4eb0-bc3c-dfd459772be2,2018_07_24,Out of Leafs
1c37be2f-abc2-4a5d-b488-39f1a3ad540f,2020_08_01,Fully Leafed
1c4454ff-8ea3-4528-9d58-105e85b9fabc,2021_12_28,Partially Leafed
1ca8e05b-fedf-4c65-9445-66f028d65389,2018_07_24,Fully Leafed
1ca8e05b-fedf-4c65-9445-66f028d65389,2021_12_28,Fully Leafed
1ca8e05b-fedf-4c65-9445-66f028d65389,2024_01_03,Fully Leafed
1ca8e05b-fedf-4c65-9445-66f028d65389,2024_02_21,Fully Leafed
1e50e02e-85c8-48c7-99ee-370fda98d06f,2021_01_27,Fully Leafed
1e50e02e-85c8-48c7-99ee-370fda98d06f,2021_10_27,Fully Leafed
1e50e02e-85c8-48c7-99ee-370fda98d06f,2021_12_28,Fully Leafed
235e2657-ac67-414b-b234-5012879cb398,2018_10_26,Fully Leafed
235e2657-ac67-414b-b234-5012879cb398,2023_06_27,Out of Leafs
235e2657-ac67-414b-b234-5012879cb398,2024_02_28,Out of Leafs
23e4f0ea-4769-45c3-994d-1a20f3d2208b,2023_05_23,Fully Leafed
24a5f646-9ef6-4e62-89fe-963cd03a3d0f,2018_04_04,Out of Leafs
24a5f646-9ef6-4e62-89fe-963cd03a3d0f,2018_05_23,Out of Leafs
24a5f646-9ef6-4e62-89fe-963cd03a3d0f,2018_11_26,Partially Leafed
24a5f646-9ef6-4e62-89fe-963cd03a3d0f,2021_12_28,Out of Leafs
24a5f646-9ef6-4e62-89fe-963cd03a3d0f,2023_02_22,Partially Leafed
24a5f646-9ef6-4e62-89fe-963cd03a3d0f,2023_04_11,Out of Leafs
24a5f646-9ef6-4e62-89fe-963cd03a3d0f,2023_10_31,Fully Leafed
24a5f646-9ef6-4e62-89fe-963cd03a3d0f,2024_01_17,Fully Leafed
24a5f646-9ef6-4e62-89fe-963cd03a3d0f,2024_03_06,Out of Leafs
24ecc049-5b32-4786-824e-7ae320b3b40e,2020_02_27,Out of Leafs
24ecc049-5b32-4786-824e-7ae320b3b40e,2021_01_27,Out of Leafs
24ecc049-5b32-4786-824e-7ae320b3b40e,2021_12_28,Out of Leafs
24ecc049-5b32-4786-824e-7ae320b3b40e,2022_06_29,Fully Leafed
24ecc049-5b32-4786-824e-7ae320b3b40e,2023_02_22,Out of Leafs
24ecc049-5b32-4786-824e-7ae320b3b40e,2023_04_18,Out of Leafs
24ecc049-5b32-4786-824e-7ae320b3b40e,2023_05_02,Out of Leafs
24ecc049-5b32-4786-824e-7ae320b3b40e,2024_01_25,Out of Leafs
24ecc049-5b32-4786-824e-7ae320b3b40e,2024_02_01,Out of Leafs
24ecc049-5b32-4786-824e-7ae320b3b40e,2024_03_06,Out of Leafs
2538ba6c-eaa7-4f55-a478-548f15ec663f,2018_04_04,Out of Leafs
26816bfa-00c5-4284-b3dd-5db7924e9790,2018_05_23,Out of Leafs
26816bfa-00c5-4284-b3dd-5db7924e9790,2018_07_24,Out of Leafs
26816bfa-00c5-4284-b3dd-5db7924e9790,2019_07_24,Out of Leafs
26816bfa-00c5-4284-b3dd-5db7924e9790,2021_07_28,Out of Leafs
26816bfa-00c5-4284-b3dd-5db7924e9790,2023_06_27,Out of Leafs
28c5f379-4d2d-422c-b7f3-ba108c76ef22,2023_06_21,Fully Leafed
28c5f379-4d2d-422c-b7f3-ba108c76ef22,2023_11_27,Fully Leafed
2b61c71f-6b07-4b13-9a31-5bbd2026a115,2018_10_26,Fully Leafed
2b61c71f-6b07-4b13-9a31-5bbd2026a115,2019_07_24,Fully Leafed
2bbdf792-0d37-4808-9457-254f37e8aaf5,2018_04_04,Out of Leafs
2bbdf792-0d37-4808-9457-254f37e8aaf5,2019_02_25,Partially Leafed
2bbdf792-0d37-4808-9457-254f37e8aaf5,2020_02_27,Partially Leafed
2bbdf792-0d37-4808-9457-254f37e8aaf5,2021_07_28,Fully Leafed
2bbdf792-0d37-4808-9457-254f37e8aaf5,2021_11_24,Fully Leafed
2bbdf792-0d37-4808-9457-254f37e8aaf5,2023_06_21,Fully Leafed
2bbdf792-0d37-4808-9457-254f37e8aaf5,2023_08_15,Fully Leafed
2bbdf792-0d37-4808-9457-254f37e8aaf5,2024_02_28,Partially Leafed
2c0909f5-e0a9-465a-b32c-2f0a9b89d4dd,2018_04_25,Out of Leafs
2c120d7f-82bd-4973-a6e0-20600122e632,2019_12_26,Partially Leafed
2c120d7f-82bd-4973-a6e0-20600122e632,2023_01_30,Out of Leafs
2c120d7f-82bd-4973-a6e0-20600122e632,2023_02_22,Out of Leafs
2c120d7f-82bd-4973-a6e0-20600122e632,2023_12_05,Partially Leafed
2c120d7f-82bd-4973-a6e0-20600122e632,2024_01_03,Out of Leafs
2c120d7f-82bd-4973-a6e0-20600122e632,2024_01_09,Out of Leafs
2c120d7f-82bd-4973-a6e0-20600122e632,2024_02_01,Fully Leafed
2c120d7f-82bd-4973-a6e0-20600122e632,2024_02_15,Fully Leafed
2c120d7f-82bd-4973-a6e0-20600122e632,2024_03_06,Fully Leafed
2ee6be2e-40b0-486e-a574-000744dfe229,2021_01_27,Fully Leafed
2ee6be2e-40b0-486e-a574-000744dfe229,2023_08_15,Fully Leafed
2f38632e-efa6-4d63-aeea-7bf9fc979694,2023_04_18,Out of Leafs
30a7e096-38c5-4063-ad74-316add4b989a,2024_02_15,Out of Leafs
30acca04-8b20-457e-8d35-e35bd1894756,2023_06_21,Fully Leafed
30acca04-8b20-457e-8d35-e35bd1894756,2023_08_15,Fully Leafed
30fe407e-ba4b-4a3d-9bfc-fcd1f93bcc86,2021_01_27,Partially Leafed
30fe407e-ba4b-4a3d-9bfc-fcd1f93bcc86,2023_04_18,Out of Leafs
30fe407e-ba4b-4a3d-9bfc-fcd1f93bcc86,2023_06_27,Partially Leafed
30fe407e-ba4b-4a3d-9bfc-fcd1f93bcc86,2023_08_08,Out of Leafs
30fe407e-ba4b-4a3d-9bfc-fcd1f93bcc86,2023_10_24,Out of Leafs
30fe407e-ba4b-4a3d-9bfc-fcd1f93bcc86,2024_02_15,Out of Leafs
31cb4ec2-1f18-4516-9fdd-5e1e7bfb81de,2018_04_04,Out of Leafs
31cb4ec2-1f18-4516-9fdd-5e1e7bfb81de,2019_01_28,Out of Leafs
31cb4ec2-1f18-4516-9fdd-5e1e7bfb81de,2021_01_27,Partially Leafed
31cb4ec2-1f18-4516-9fdd-5e1e7bfb81de,2021_12_28,Out of Leafs
31cb4ec2-1f18-4516-9fdd-5e1e7bfb81de,2022_06_29,Fully Leafed
31cb4ec2-1f18-4516-9fdd-5e1e7bfb81de,2023_01_30,Partially Leafed
31cb4ec2-1f18-4516-9fdd-5e1e7bfb81de,2024_02_15,Out of Leafs
31cb4ec2-1f18-4516-9fdd-5e1e7bfb81de,2024_03_06,Out of Leafs
31d95e2f-f47b-49c9-ba99-46e69ba579b5,2018_04_04,Out of Leafs
31d95e2f-f47b-49c9-ba99-46e69ba579b5,2020_02_27,Out of Leafs
31d95e2f-f47b-49c9-ba99-46e69ba579b5,2021_07_28,Fully Leafed
31d95e2f-f47b-49c9-ba99-46e69ba579b5,2023_02_22,Out of Leafs
31d95e2f-f47b-49c9-ba99-46e69ba579b5,2023_03_07,Out of Leafs
31d95e2f-f47b-49c9-ba99-46e69ba579b5,2023_04_11,Out of Leafs
31d95e2f-f47b-49c9-ba99-46e69ba579b5,2023_05_23,Out of Leafs
31d95e2f-f47b-49c9-ba99-46e69ba579b5,2024_02_15,Out of Leafs
31d95e2f-f47b-49c9-ba99-46e69ba579b5,2024_02_28,Out of Leafs
3231ed82-2497-41e4-95e4-db72186bcae5,2021_11_24,Partially Leafed
32b52ad9-ca60-4312-93aa-19b71980a2da,2018_07_24,Out of Leafs
32b52ad9-ca60-4312-93aa-19b71980a2da,2020_06_15,Out of Leafs
32b52ad9-ca60-4312-93aa-19b71980a2da,2020_08_01,Out of Leafs
34f872ff-ab16-4ea9-88a1-52bc896248d6,2018_04_04,Out of Leafs
34f872ff-ab16-4ea9-88a1-52bc896248d6,2020_06_15,Fully Leafed
34f872ff-ab16-4ea9-88a1-52bc896248d6,2021_01_27,Partially Leafed
36865a89-a20a-4ece-bc34-ff085ceedec6,2020_02_27,Out of Leafs
36865a89-a20a-4ece-bc34-ff085ceedec6,2021_01_27,Out of Leafs
38121f47-2c1d-4bea-9992-3181860f0122,2023_06_21,Out of Leafs
38779fc6-7cf0-4675-9bab-205979e6dbfe,2021_11_24,Fully Leafed
398f9b11-3171-4d3a-a24b-236bc8a4892b,2020_06_15,Partially Leafed
39cb82d4-bb06-497c-baa7-1b8628973ae7,2021_11_24,Fully Leafed
39cb82d4-bb06-497c-baa7-1b8628973ae7,2024_02_01,Fully Leafed
39fb15b5-a33a-494c-a45d-dbd5962f314b,2018_04_04,Out of Leafs
3b10c87e-d672-4f09-9d8f-9f53ce23d3e5,2023_06_27,Fully Leafed
3b4679bd-76b6-43fe-b740-9f274fea7195,2018_04_04,Out of Leafs
3b4679bd-76b6-43fe-b740-9f274fea7195,2019_07_24,Fully Leafed
3b4679bd-76b6-43fe-b740-9f274fea7195,2021_10_27,Fully Leafed
3b4679bd-76b6-43fe-b740-9f274fea7195,2021_11_24,Fully Leafed
3b4679bd-76b6-43fe-b740-9f274fea7195,2022_11_24,Fully Leafed
3b4679bd-76b6-43fe-b740-9f274fea7195,2023_03_07,Partially Leafed
3b4679bd-76b6-43fe-b740-9f274fea7195,2023_08_15,Fully Leafed
3b4679bd-76b6-43fe-b740-9f274fea7195,2023_12_05,Fully Leafed
3b4679bd-76b6-43fe-b740-9f274fea7195,2024_01_17,Fully Leafed
3b4679bd-76b6-43fe-b740-9f274fea7195,2024_02_15,Partially Leafed
3b915ee0-2ab3-481d-9082-c5a3be5c4022,2021_09_29,Partially Leafed
3bcbd33f-0d46-459c-8905-28081ca87b8c,2018_04_04,Out of Leafs
3bcbd33f-0d46-459c-8905-28081ca87b8c,2018_11_26,Fully Leafed
3bcbd33f-0d46-459c-8905-28081ca87b8c,2020_08_01,Fully Leafed
3bcbd33f-0d46-459c-8905-28081ca87b8c,2024_03_06,Partially Leafed
3dd8d973-d698-41cf-9d2c-4b3cd2c440b0,2023_05_23,Out of Leafs
3eface6a-f207-4bf8-979f-c84660dffad1,2019_07_24,Fully Leafed
3eface6a-f207-4bf8-979f-c84660dffad1,2021_01_27,Fully Leafed
3eface6a-f207-4bf8-979f-c84660dffad1,2021_03_25,Fully Leafed
3eface6a-f207-4bf8-979f-c84660dffad1,2021_11_24,Fully Leafed
3eface6a-f207-4bf8-979f-c84660dffad1,2023_12_05,Fully Leafed
3eface6a-f207-4bf8-979f-c84660dffad1,2024_01_09,Fully Leafed
3eface6a-f207-4bf8-979f-c84660dffad1,2024_02_08,Fully Leafed
3f201cc2-e767-4bf6-b357-51dbbd13b901,2023_03_07,Fully Leafed
3f544aec-53a0-40db-aab1-b4fea03493b8,2018_10_26,Out of Leafs
3f92b9e4-0d32-4dd9-84d1-de14218af15f,2018_04_04,Out of Leafs
4090f4bf-d2a9-4d94-bc51-04e693e19916,2018_08_27,Fully Leafed
4217e076-55e3-408e-9b32-89921cefcb4c,2023_05_16,Partially Leafed
4495b044-8a40-4d5a-892e-3fa089b58f53,2019_02_25,Out of Leafs
4495b044-8a40-4d5a-892e-3fa089b58f53,2024_01_03,Out of Leafs
4495b044-8a40-4d5a-892e-3fa089b58f53,2024_01_09,Out of Leafs
4495b044-8a40-4d5a-892e-3fa089b58f53,2024_02_01,Out of Leafs
4495b044-8a40-4d5a-892e-3fa089b58f53,2024_02_08,Out of Leafs
45390058-d4a4-4c96-87d2-a784ef05a96d,2023_06_21,Fully Leafed
45390058-d4a4-4c96-87d2-a784ef05a96d,2024_01_03,Fully Leafed
45390058-d4a4-4c96-87d2-a784ef05a96d,2024_02_15,Fully Leafed
45859904-f193-4da2-bf3d-d1b316693421,2018_04_25,Out of Leafs
4609c8ec-d624-42a5-a2e8-3c86d86d8c3b,2018_04_04,Partially Leafed
4609c8ec-d624-42a5-a2e8-3c86d86d8c3b,2018_07_24,Fully Leafed
4609c8ec-d624-42a5-a2e8-3c86d86d8c3b,2023_04_11,Partially Leafed
4609c8ec-d624-42a5-a2e8-3c86d86d8c3b,2023_08_08,Fully Leafed
4609c8ec-d624-42a5-a2e8-3c86d86d8c3b,2024_01_25,Fully Leafed
465bd079-159e-4f49-9f50-ba040fa0ae36,2018_04_04,Out of Leafs
465bd079-159e-4f49-9f50-ba040fa0ae36,2019_01_28,Partially Leafed
465bd079-159e-4f49-9f50-ba040fa0ae36,2021_01_27,Partially Leafed
465bd079-159e-4f49-9f50-ba040fa0ae36,2024_02_15,Partially Leafed
465bd079-159e-4f49-9f50-ba040fa0ae36,2024_03_06,Out of Leafs
46f61b1f-704d-4a43-9cc8-85bac4432a3f,2021_01_27,Partially Leafed
46f61b1f-704d-4a43-9cc8-85bac4432a3f,2023_03_07,Fully Leafed
46f61b1f-704d-4a43-9cc8-85bac4432a3f,2024_01_25,Out of Leafs
47c92736-e515-4406-b083-13998207ffb3,2021_12_28,Fully Leafed
4a1431a3-07aa-4221-a614-eec52bb2f69d,2021_12_28,Fully Leafed
4a1431a3-07aa-4221-a614-eec52bb2f69d,2023_04_11,Out of Leafs
4a1431a3-07aa-4221-a614-eec52bb2f69d,2023_04_18,Out of Leafs
4a1431a3-07aa-4221-a614-eec52bb2f69d,2023_08_08,Fully Leafed
4a1431a3-07aa-4221-a614-eec52bb2f69d,2023_10_31,Fully Leafed
4a1431a3-07aa-4221-a614-eec52bb2f69d,2023_11_14,Fully Leafed
4a1431a3-07aa-4221-a614-eec52bb2f69d,2023_12_12,Fully Leafed
4a53dc7a-d0da-44a1-841e-f309b6ae3ccc,2020_02_27,Out of Leafs
4a53dc7a-d0da-44a1-841e-f309b6ae3ccc,2021_01_27,Out of Leafs
4a53dc7a-d0da-44a1-841e-f309b6ae3ccc,2023_06_21,Fully Leafed
4a53dc7a-d0da-44a1-841e-f309b6ae3ccc,2024_02_15,Out of Leafs
4a53dc7a-d0da-44a1-841e-f309b6ae3ccc,2024_03_06,Out of Leafs
4b304223-ae5e-4014-98a5-c68c760deb74,2019_10_17,Partially Leafed
4b304223-ae5e-4014-98a5-c68c760deb74,2021_11_24,Fully Leafed
4b704853-724f-49d4-a607-77808bdf861f,2024_02_01,Out of Leafs
4b7feb78-6af2-4b56-a1d5-b0921a9612d1,2023_11_27,Fully Leafed
4b8ef7b3-56ff-4d55-ba40-d4d4f4c4b109,2021_12_28,Fully Leafed
4b9767a5-9fee-4013-b02b-1c86504cfa3c,2018_10_26,Fully Leafed
4b9767a5-9fee-4013-b02b-1c86504cfa3c,2021_07_28,Fully Leafed
4b9767a5-9fee-4013-b02b-1c86504cfa3c,2023_10_24,Fully Leafed
4b9767a5-9fee-4013-b02b-1c86504cfa3c,2024_02_28,Fully Leafed
4c123488-85cc-4c89-9b0e-2fc73c565521,2021_01_27,Out of Leafs
4c123488-85cc-4c89-9b0e-2fc73c565521,2021_07_28,Out of Leafs
4c123488-85cc-4c89-9b0e-2fc73c565521,2021_09_29,Out of Leafs
4c123488-85cc-4c89-9b0e-2fc73c565521,2021_10_27,Out of Leafs
4c123488-85cc-4c89-9b0e-2fc73c565521,2021_11_24,Out of Leafs
4c123488-85cc-4c89-9b0e-2fc73c565521,2022_03_30,Out of Leafs
4c123488-85cc-4c89-9b0e-2fc73c565521,2023_04_18,Out of Leafs
4c123488-85cc-4c89-9b0e-2fc73c565521,2023_10_24,Out of Leafs
4c123488-85cc-4c89-9b0e-2fc73c565521,2024_01_03,Out of Leafs
4c123488-85cc-4c89-9b0e-2fc73c565521,2024_02_01,Out of Leafs
4c123488-85cc-4c89-9b0e-2fc73c565521,2024_02_15,Out of Leafs
4c8542e8-ec9d-4d89-bc3d-1d15b96cc9a7,2018_04_04,Partially Leafed
4c8542e8-ec9d-4d89-bc3d-1d15b96cc9a7,2019_01_28,Partially Leafed
4c8542e8-ec9d-4d89-bc3d-1d15b96cc9a7,2019_02_25,Partially Leafed
4c8542e8-ec9d-4d89-bc3d-1d15b96cc9a7,2022_11_24,Fully Leafed
4c8542e8-ec9d-4d89-bc3d-1d15b96cc9a7,2024_02_21,Partially Leafed
4c8542e8-ec9d-4d89-bc3d-1d15b96cc9a7,2024_02_28,Partially Leafed
4c8542e8-ec9d-4d89-bc3d-1d15b96cc9a7,2024_03_06,Partially Leafed
4ca2acbf-0354-412a-b88b-a6ff9ce80c85,2022_03_30,Out of Leafs
4e481c36-9f3b-4d3c-9ffd-cc9a678fadcb,2018_04_25,Partially Leafed
4e481c36-9f3b-4d3c-9ffd-cc9a678fadcb,2018_07_24,Partially Leafed
4e481c36-9f3b-4d3c-9ffd-cc9a678fadcb,2020_08_01,Partially Leafed
506b87fe-3391-43a9-9ac3-7bcab81cfebb,2018_04_25,Out of Leafs
506b87fe-3391-43a9-9ac3-7bcab81cfebb,2023_06_21,Out of Leafs
506b87fe-3391-43a9-9ac3-7bcab81cfebb,2023_10_24,Out of Leafs
52309692-ae25-4c0d-96b1-fe02dc607cb4,2020_08_01,Fully Leafed
52309692-ae25-4c0d-96b1-fe02dc607cb4,2023_07_11,Fully Leafed
52309692-ae25-4c0d-96b1-fe02dc607cb4,2023_12_05,Fully Leafed
52309692-ae25-4c0d-96b1-fe02dc607cb4,2024_02_21,Fully Leafed
52f1f550-4e8b-485f-ad85-de7115173ed9,2018_04_04,Out of Leafs
52f1f550-4e8b-485f-ad85-de7115173ed9,2023_01_30,Out of Leafs
52f1f550-4e8b-485f-ad85-de7115173ed9,2023_05_23,Out of Leafs
52f1f550-4e8b-485f-ad85-de7115173ed9,2024_02_08,Partially Leafed
52f1f550-4e8b-485f-ad85-de7115173ed9,2024_02_21,Out of Leafs
52f1f550-4e8b-485f-ad85-de7115173ed9,2024_03_06,Partially Leafed
54cc22ba-640a-42b9-bae0-eb02554086cf,2018_04_04,Out of Leafs
54cc22ba-640a-42b9-bae0-eb02554086cf,2018_05_23,Partially Leafed
54cc22ba-640a-42b9-bae0-eb02554086cf,2018_07_24,Partially Leafed
54cc22ba-640a-42b9-bae0-eb02554086cf,2018_08_27,Partially Leafed
54cc22ba-640a-42b9-bae0-eb02554086cf,2018_10_26,Partially Leafed
54cc22ba-640a-42b9-bae0-eb02554086cf,2018_11_26,Partially Leafed
54cc22ba-640a-42b9-bae0-eb02554086cf,2019_07_24,Fully Leafed
54cc22ba-640a-42b9-bae0-eb02554086cf,2019_12_26,Partially Leafed
54cc22ba-640a-42b9-bae0-eb02554086cf,2021_07_28,Fully Leafed
54cc22ba-640a-42b9-bae0-eb02554086cf,2022_09_29,Fully Leafed
54cc22ba-640a-42b9-bae0-eb02554086cf,2022_11_24,Out of Leafs
54cc22ba-640a-42b9-bae0-eb02554086cf,2023_06_27,Fully Leafed
54cc22ba-640a-42b9-bae0-eb02554086cf,2023_09_05,Fully Leafed
54cc22ba-640a-42b9-bae0-eb02554086cf,2024_01_25,Partially Leafed
54cc22ba-640a-42b9-bae0-eb02554086cf,2024_02_08,Partially Leafed
54cc22ba-640a-42b9-bae0-eb02554086cf,2024_02_15,Partially Leafed
54cc22ba-640a-42b9-bae0-eb02554086cf,2024_03_06,Out of Leafs
55361361-366c-4089-8c16-72a4781539c2,2020_02_27,Out of Leafs
55361361-366c-4089-8c16-72a4781539c2,2021_01_27,Out of Leafs
55361361-366c-4089-8c16-72a4781539c2,2021_12_28,Out of Leafs
55361361-366c-4089-8c16-72a4781539c2,2022_06_29,Fully Leafed
55361361-366c-4089-8c16-72a4781539c2,2023_02_22,Out of Leafs
55361361-366c-4089-8c16-72a4781539c2,2023_04_18,Out of Leafs
55361361-366c-4089-8c16-72a4781539c2,2024_02_01,Partially Leafed
55361361-366c-4089-8c16-72a4781539c2,2024_03_06,Partially Leafed
553c3929-d889-4c5f-947e-7c72d18d1b76,2018_04_04,Out of Leafs
553c3929-d889-4c5f-947e-7c72d18d1b76,2018_05_23,Out of Leafs
553c3929-d889-4c5f-947e-7c72d18d1b76,2018_07_24,Out of Leafs
553c3929-d889-4c5f-947e-7c72d18d1b76,2018_10_26,Out of Leafs
553c3929-d889-4c5f-947e-7c72d18d1b76,2021_07_28,Out of Leafs
553c3929-d889-4c5f-947e-7c72d18d1b76,2024_02_28,Fully Leafed
5751d76f-ff25-4f79-a77c-6fb36d4cf52b,2018_07_24,Fully Leafed
5751d76f-ff25-4f79-a77c-6fb36d4cf52b,2023_12_05,Fully Leafed
583d55b5-243a-407e-8be2-ca2f9fec135f,2018_04_25,Partially Leafed
583d55b5-243a-407e-8be2-ca2f9fec135f,2018_11_26,Partially Leafed
583d55b5-243a-407e-8be2-ca2f9fec135f,2019_12_26,Partially Leafed
583d55b5-243a-407e-8be2-ca2f9fec135f,2024_01_03,Partially Leafed
583d55b5-243a-407e-8be2-ca2f9fec135f,2024_01_09,Partially Leafed
583d55b5-243a-407e-8be2-ca2f9fec135f,2024_02_01,Partially Leafed
583d55b5-243a-407e-8be2-ca2f9fec135f,2024_02_15,Partially Leafed
583d55b5-243a-407e-8be2-ca2f9fec135f,2024_02_28,Partially Leafed
585de018-b608-4d42-8103-de304d87c5d6,2021_11_24,Fully Leafed
585de018-b608-4d42-8103-de304d87c5d6,2022_03_30,Partially Leafed
585de018-b608-4d42-8103-de304d87c5d6,2024_03_18,Partially Leafed
58e2c5dc-995d-41d2-9937-3b3edef36b44,2018_05_23,Partially Leafed
58e2c5dc-995d-41d2-9937-3b3edef36b44,2022_03_30,Out of Leafs
58e2c5dc-995d-41d2-9937-3b3edef36b44,2023_10_24,Fully Leafed
5a079ffa-e211-4364-ba7c-2bc0822e2316,2024_02_21,Fully Leafed
5b5a25c3-edb0-44e7-a4f3-358622cf305a,2021_12_28,Out of Leafs
5b5a25c3-edb0-44e7-a4f3-358622cf305a,2024_03_06,Partially Leafed
5bd9dd3f-1bb7-4404-b293-4e8ace8c01f4,2024_02_01,Fully Leafed
5c433239-ddc5-4d5b-9e9a-23b73dae03f5,2020_08_01,Partially Leafed
5c48152c-a304-4621-9872-7a5e08166033,2018_04_04,Fully Leafed
5c48152c-a304-4621-9872-7a5e08166033,2018_04_25,Fully Leafed
5c48152c-a304-4621-9872-7a5e08166033,2018_10_26,Fully Leafed
5c48152c-a304-4621-9872-7a5e08166033,2019_07_24,Fully Leafed
5d38cc30-e80b-480a-8f86-89f86488416e,2018_04_04,Out of Leafs
5d38cc30-e80b-480a-8f86-89f86488416e,2019_01_28,Partially Leafed
5d38cc30-e80b-480a-8f86-89f86488416e,2023_04_18,Partially Leafed
5d38cc30-e80b-480a-8f86-89f86488416e,2023_05_16,Partially Leafed
5d38cc30-e80b-480a-8f86-89f86488416e,2024_01_03,Partially Leafed
5d38cc30-e80b-480a-8f86-89f86488416e,2024_02_08,Partially Leafed
5d38cc30-e80b-480a-8f86-89f86488416e,2024_02_28,Partially Leafed
5d38cc30-e80b-480a-8f86-89f86488416e,2024_03_06,Partially Leafed
5d38cc30-e80b-480a-8f86-89f86488416e,2024_03_18,Out of Leafs
5d8eaea6-586c-4aa3-bd8c-a5d4697d4c9f,2018_04_04,Out of Leafs
60f88280-ea70-49e3-812f-79915e7c7882,2018_04_04,Partially Leafed
60f88280-ea70-49e3-812f-79915e7c7882,2019_02_25,Partially Leafed
60f88280-ea70-49e3-812f-79915e7c7882,2021_12_28,Fully Leafed
60f88280-ea70-49e3-812f-79915e7c7882,2024_02_01,Partially Leafed
60f88280-ea70-49e3-812f-79915e7c7882,2024_02_08,Partially Leafed
60f88280-ea70-49e3-812f-79915e7c7882,2024_02_15,Partially Leafed
60f88280-ea70-49e3-812f-79915e7c7882,2024_02_21,Partially Leafed
60f88280-ea70-49e3-812f-79915e7c7882,2024_03_06,Out of Leafs
6195b4c2-773e-40ae-bd5c-51c153f198c8,2018_04_04,Partially Leafed
6195b4c2-773e-40ae-bd5c-51c153f198c8,2023_04_11,Out of Leafs
61ba57b3-a0f7-4b75-ba43-c5307a028500,2019_07_24,Partially Leafed
61ba57b3-a0f7-4b75-ba43-c5307a028500,2021_10_27,Partially Leafed
631eda4a-43cc-4868-9bf9-9524cf5d20be,2023_12_12,Partially Leafed
638cafa3-0382-4b6f-915e-d71b660c7c60,2018_05_23,Out of Leafs
638cafa3-0382-4b6f-915e-d71b660c7c60,2018_07_24,Out of Leafs
638cafa3-0382-4b6f-915e-d71b660c7c60,2020_06_15,Out of Leafs
638cafa3-0382-4b6f-915e-d71b660c7c60,2020_08_01,Partially Leafed
638cafa3-0382-4b6f-915e-d71b660c7c60,2023_08_08,Out of Leafs
638cafa3-0382-4b6f-915e-d71b660c7c60,2024_03_18,Out of Leafs
6435d675-e2d2-4ece-a5d5-f335aa566400,2023_01_30,Out of Leafs
6435d675-e2d2-4ece-a5d5-f335aa566400,2024_02_28,Out of Leafs
64b411ee-abff-4a3a-82bc-808741453bc8,2018_07_24,Out of Leafs
64b411ee-abff-4a3a-82bc-808741453bc8,2021_07_28,Out of Leafs
65d19bde-68dc-428c-8015-164387a54bdf,2021_03_25,Fully Leafed
678242d3-56fd-4587-ba5d-4739c3067eeb,2018_07_24,Out of Leafs
678242d3-56fd-4587-ba5d-4739c3067eeb,2018_10_26,Partially Leafed
6bc70e82-701d-45c4-a212-6829dee80912,2024_01_09,Out of Leafs
6bf8d1d5-9961-4b9f-a019-a8c31949f892,2018_04_25,Partially Leafed
6bf8d1d5-9961-4b9f-a019-a8c31949f892,2019_10_17,Fully Leafed
6bf8d1d5-9961-4b9f-a019-a8c31949f892,2021_07_28,Fully Leafed
6bf8d1d5-9961-4b9f-a019-a8c31949f892,2021_10_27,Fully Leafed
6bf8d1d5-9961-4b9f-a019-a8c31949f892,2021_11_24,Fully Leafed
6bf8d1d5-9961-4b9f-a019-a8c31949f892,2022_03_30,Partially Leafed
6bf8d1d5-9961-4b9f-a019-a8c31949f892,2023_08_15,Fully Leafed
6bf8d1d5-9961-4b9f-a019-a8c31949f892,2024_02_01,Fully Leafed
6bf8d1d5-9961-4b9f-a019-a8c31949f892,2024_02_08,Fully Leafed
6bf8d1d5-9961-4b9f-a019-a8c31949f892,2024_02_28,Fully Leafed
6c7504b5-b42b-4205-9c2d-a53f4095bcfa,2019_07_24,Fully Leafed
6c7504b5-b42b-4205-9c2d-a53f4095bcfa,2021_11_24,Fully Leafed
6caf7298-9341-4002-a089-20177a0b8644,2018_05_23,Out of Leafs
6caf7298-9341-4002-a089-20177a0b8644,2018_07_24,Out of Leafs
6caf7298-9341-4002-a089-20177a0b8644,2018_10_26,Out of Leafs
6d8727f1-1bff-4b22-be9b-194e83846fb4,2019_07_24,Fully Leafed
6d8727f1-1bff-4b22-be9b-194e83846fb4,2021_09_29,Fully Leafed
6d8727f1-1bff-4b22-be9b-194e83846fb4,2023_03_07,Fully Leafed
6d8727f1-1bff-4b22-be9b-194e83846fb4,2023_08_15,Fully Leafed
6d8727f1-1bff-4b22-be9b-194e83846fb4,2024_01_03,Partially Leafed
6d8727f1-1bff-4b22-be9b-194e83846fb4,2024_03_06,Fully Leafed
6d8feebe-e21b-4031-8b62-2c68228d16fa,2018_04_25,Fully Leafed
6d8feebe-e21b-4031-8b62-2c68228d16fa,2018_07_24,Fully Leafed
6d8feebe-e21b-4031-8b62-2c68228d16fa,2019_12_26,Out of Leafs
6d8feebe-e21b-4031-8b62-2c68228d16fa,2021_01_27,Partially Leafed
6d8feebe-e21b-4031-8b62-2c68228d16fa,2021_10_27,Fully Leafed
6d8feebe-e21b-4031-8b62-2c68228d16fa,2022_06_29,Fully Leafed
6d8feebe-e21b-4031-8b62-2c68228d16fa,2023_01_30,Fully Leafed
6d8feebe-e21b-4031-8b62-2c68228d16fa,2023_08_15,Fully Leafed
6d8feebe-e21b-4031-8b62-2c68228d16fa,2023_11_27,Partially Leafed
6d8feebe-e21b-4031-8b62-2c68228d16fa,2023_12_05,Out of Leafs
6d8feebe-e21b-4031-8b62-2c68228d16fa,2024_01_03,Out of Leafs
6d8feebe-e21b-4031-8b62-2c68228d16fa,2024_01_17,Out of Leafs
6d8feebe-e21b-4031-8b62-2c68228d16fa,2024_01_25,Out of Leafs
6d8feebe-e21b-4031-8b62-2c68228d16fa,2024_02_01,Out of Leafs
6d8feebe-e21b-4031-8b62-2c68228d16fa,2024_02_08,Out of Leafs
6d8feebe-e21b-4031-8b62-2c68228d16fa,2024_02_15,Out of Leafs
6e0fbd1a-2a30-4c9d-bb48-5054fad5b97b,2023_05_23,Fully Leafed
6e0fbd1a-2a30-4c9d-bb48-5054fad5b97b,2023_11_27,Fully Leafed
6e63183c-d0d7-43bf-933f-45fde1c1dc1c,2018_04_04,Fully Leafed
6e63183c-d0d7-43bf-933f-45fde1c1dc1c,2023_10_11,Fully Leafed
6e63183c-d0d7-43bf-933f-45fde1c1dc1c,2023_12_05,Out of Leafs
6e63183c-d0d7-43bf-933f-45fde1c1dc1c,2023_12_12,Out of Leafs
6e63183c-d0d7-43bf-933f-45fde1c1dc1c,2024_01_03,Out of Leafs
6e63183c-d0d7-43bf-933f-45fde1c1dc1c,2024_01_09,Out of Leafs
6e63183c-d0d7-43bf-933f-45fde1c1dc1c,2024_01_17,Out of Leafs
6e63183c-d0d7-43bf-933f-45fde1c1dc1c,2024_02_08,Out of Leafs
6e63183c-d0d7-43bf-933f-45fde1c1dc1c,2024_02_15,Out of Leafs
6e7eb081-2a27-44a7-85f2-a88a40e3e53a,2021_12_28,Partially Leafed
70dad7d5-5d36-437f-9887-232392308949,2024_02_15,Out of Leafs
70dad7d5-5d36-437f-9887-232392308949,2024_02_21,Out of Leafs
71e9d737-3268-4975-a45d-3ec5b2bdb355,2018_05_23,Out of Leafs
729185da-7f14-42bd-869d-6adbb0642528,2018_05_23,Fully Leafed
72a2afe2-a4eb-4e13-97ca-a8eb6d8ebcb4,2019_10_17,Fully Leafed
72a2afe2-a4eb-4e13-97ca-a8eb6d8ebcb4,2020_06_15,Fully Leafed
72a2afe2-a4eb-4e13-97ca-a8eb6d8ebcb4,2020_08_01,Fully Leafed
72a2afe2-a4eb-4e13-97ca-a8eb6d8ebcb4,2023_06_21,Fully Leafed
72a2afe2-a4eb-4e13-97ca-a8eb6d8ebcb4,2024_01_09,Fully Leafed
730783de-759d-4035-9caa-f2e9305f2825,2021_01_27,Partially Leafed
730783de-759d-4035-9caa-f2e9305f2825,2021_11_24,Fully Leafed
73433e79-9f3f-4b44-b61a-d0f583311f22,2018_05_23,Out of Leafs
73433e79-9f3f-4b44-b61a-d0f583311f22,2018_07_24,Fully Leafed
73433e79-9f3f-4b44-b61a-d0f583311f22,2020_02_27,Out of Leafs
73433e79-9f3f-4b44-b61a-d0f583311f22,2022_03_30,Out of Leafs
73433e79-9f3f-4b44-b61a-d0f583311f22,2023_03_07,Out of Leafs
73433e79-9f3f-4b44-b61a-d0f583311f22,2024_02_15,Out of Leafs
73433e79-9f3f-4b44-b61a-d0f583311f22,2024_02_28,Out of Leafs
73433e79-9f3f-4b44-b61a-d0f583311f22,2024_03_06,Out of Leafs
737e2cb1-639d-4124-8935-d5bd039532ad,2023_12_05,Out of Leafs
73be36c1-ad4d-41ee-8fa3-6e2ab8d51951,2022_03_30,Fully Leafed
73e3e146-a5b2-4c79-8961-be8befe8b10e,2018_04_04,Partially Leafed
73e3e146-a5b2-4c79-8961-be8befe8b10e,2019_02_25,Partially Leafed
73e3e146-a5b2-4c79-8961-be8befe8b10e,2021_07_28,Fully Leafed
74d37833-f2df-4934-932c-73e53a4764f2,2023_11_14,Fully Leafed
7501c267-7dd4-478d-9579-eec153a22503,2024_03_06,Out of Leafs
75567fe5-66a3-4085-8d10-79d541c354b7,2021_01_27,Fully Leafed
7562c139-f23a-4cc5-b974-994eab24a2f6,2018_04_04,Fully Leafed
75e480c4-9d0a-44d2-94e5-6923db02a122,2019_01_28,Out of Leafs
75e480c4-9d0a-44d2-94e5-6923db02a122,2019_07_24,Partially Leafed
75e480c4-9d0a-44d2-94e5-6923db02a122,2019_10_17,Partially Leafed
75e480c4-9d0a-44d2-94e5-6923db02a122,2021_11_24,Fully Leafed
75e480c4-9d0a-44d2-94e5-6923db02a122,2023_06_21,Partially Leafed
75e480c4-9d0a-44d2-94e5-6923db02a122,2023_08_15,Partially Leafed
75e480c4-9d0a-44d2-94e5-6923db02a122,2024_01_03,Partially Leafed
75e480c4-9d0a-44d2-94e5-6923db02a122,2024_02_21,Partially Leafed
75e480c4-9d0a-44d2-94e5-6923db02a122,2024_02_28,Partially Leafed
76424c7c-518a-415d-bcb8-b8933683c2ed,2018_04_04,Out of Leafs
76424c7c-518a-415d-bcb8-b8933683c2ed,2018_05_23,Out of Leafs
76424c7c-518a-415d-bcb8-b8933683c2ed,2018_07_24,Fully Leafed
76424c7c-518a-415d-bcb8-b8933683c2ed,2018_10_26,Partially Leafed
76424c7c-518a-415d-bcb8-b8933683c2ed,2019_01_28,Out of Leafs
76424c7c-518a-415d-bcb8-b8933683c2ed,2019_02_25,Out of Leafs
76424c7c-518a-415d-bcb8-b8933683c2ed,2020_02_27,Out of Leafs
76424c7c-518a-415d-bcb8-b8933683c2ed,2022_03_30,Out of Leafs
76424c7c-518a-415d-bcb8-b8933683c2ed,2023_02_22,Out of Leafs
76424c7c-518a-415d-bcb8-b8933683c2ed,2023_04_11,Out of Leafs
76424c7c-518a-415d-bcb8-b8933683c2ed,2023_05_23,Out of Leafs
76424c7c-518a-415d-bcb8-b8933683c2ed,2023_11_27,Fully Leafed
76424c7c-518a-415d-bcb8-b8933683c2ed,2024_01_09,Fully Leafed
76424c7c-518a-415d-bcb8-b8933683c2ed,2024_02_28,Out of Leafs
76424c7c-518a-415d-bcb8-b8933683c2ed,2024_03_06,Out of Leafs
77ba08fd-ea8d-4bbe-a9b8-a8acd6190bf2,2023_08_15,Fully Leafed
7b1093f4-9125-48a7-9f2a-1f0ed86fb1fc,2018_04_25,Out of Leafs
7b1093f4-9125-48a7-9f2a-1f0ed86fb1fc,2018_05_23,Out of Leafs
7b1093f4-9125-48a7-9f2a-1f0ed86fb1fc,2023_06_27,Out of Leafs
7b1acde9-37eb-4fd9-82aa-bded8b60195e,2018_07_24,Out of Leafs
7b1acde9-37eb-4fd9-82aa-bded8b60195e,2019_07_24,Out of Leafs
7b1acde9-37eb-4fd9-82aa-bded8b60195e,2020_08_01,Partially Leafed
7b1acde9-37eb-4fd9-82aa-bded8b60195e,2023_05_02,Out of Leafs
7b1acde9-37eb-4fd9-82aa-bded8b60195e,2023_05_23,Out of Leafs
7b1acde9-37eb-4fd9-82aa-bded8b60195e,2023_06_21,Out of Leafs
7b4adf56-f007-4162-ae53-e303a39d2de5,2023_10_31,Fully Leafed
7b4adf56-f007-4162-ae53-e303a39d2de5,2024_02_15,Fully Leafed
7b8160b6-abda-4fe7-8dde-38802f7dd1ae,2024_02_01,Partially Leafed
7f8eba52-c7f6-4dc5-b1c1-b1569036ec2e,2024_01_17,Partially Leafed
80acabb6-ad48-4799-80bc-1a4c0fd71656,2018_11_26,Fully Leafed
80acabb6-ad48-4799-80bc-1a4c0fd71656,2019_12_26,Partially Leafed
80acabb6-ad48-4799-80bc-1a4c0fd71656,2020_02_27,Fully Leafed
80acabb6-ad48-4799-80bc-1a4c0fd71656,2020_08_01,Fully Leafed
80acabb6-ad48-4799-80bc-1a4c0fd71656,2021_03_25,Fully Leafed
80acabb6-ad48-4799-80bc-1a4c0fd71656,2022_06_29,Fully Leafed
80acabb6-ad48-4799-80bc-1a4c0fd71656,2023_01_30,Out of Leafs
80acabb6-ad48-4799-80bc-1a4c0fd71656,2023_03_07,Fully Leafed
80acabb6-ad48-4799-80bc-1a4c0fd71656,2023_07_11,Fully Leafed
80acabb6-ad48-4799-80bc-1a4c0fd71656,2023_11_27,Out of Leafs
80acabb6-ad48-4799-80bc-1a4c0fd71656,2023_12_05,Out of Leafs
80acabb6-ad48-4799-80bc-1a4c0fd71656,2024_01_03,Out of Leafs
80acabb6-ad48-4799-80bc-1a4c0fd71656,2024_01_17,Out of Leafs
80acabb6-ad48-4799-80bc-1a4c0fd71656,2024_02_15,Fully Leafed
81999dbd-1379-4dcb-9d85-3362649f7abc,2018_04_04,Out of Leafs
81999dbd-1379-4dcb-9d85-3362649f7abc,2022_03_30,Out of Leafs
81999dbd-1379-4dcb-9d85-3362649f7abc,2022_09_29,Fully Leafed
81999dbd-1379-4dcb-9d85-3362649f7abc,2023_04_11,Out of Leafs
81999dbd-1379-4dcb-9d85-3362649f7abc,2023_11_27,Partially Leafed
81999dbd-1379-4dcb-9d85-3362649f7abc,2023_12_05,Partially Leafed
81999dbd-1379-4dcb-9d85-3362649f7abc,2023_12_12,Partially Leafed
81999dbd-1379-4dcb-9d85-3362649f7abc,2024_01_09,Partially Leafed
81999dbd-1379-4dcb-9d85-3362649f7abc,2024_01_17,Partially Leafed
81999dbd-1379-4dcb-9d85-3362649f7abc,2024_01_25,Out of Leafs
81999dbd-1379-4dcb-9d85-3362649f7abc,2024_02_08,Partially Leafed
824a21e3-7cfe-4aac-bf89-2cf8243b01ba,2018_07_24,Fully Leafed
824a21e3-7cfe-4aac-bf89-2cf8243b01ba,2023_11_27,Fully Leafed
82ce5682-5413-4666-a946-a7dceb60b4b1,2018_04_25,Out of Leafs
82ce5682-5413-4666-a946-a7dceb60b4b1,2018_05_23,Out of Leafs
82ce5682-5413-4666-a946-a7dceb60b4b1,2018_08_27,Out of Leafs
82ce5682-5413-4666-a946-a7dceb60b4b1,2020_02_27,Out of Leafs
82f25d5b-1b89-41da-8e9b-8d2695c7967d,2021_12_28,Partially Leafed
8333d4a8-dc02-400c-85ec-a542dccce474,2023_02_22,Out of Leafs
83d7db1d-e646-4351-9c46-db29444f83e0,2018_07_24,Fully Leafed
83d7db1d-e646-4351-9c46-db29444f83e0,2023_01_30,Out of Leafs
83d7db1d-e646-4351-9c46-db29444f83e0,2024_02_21,Partially Leafed
83e878a0-e491-40f7-8564-d00525e831f6,2023_10_31,Fully Leafed
843dc5c8-6c57-4f89-8243-8591c7c2daf8,2018_04_04,Out of Leafs
843dc5c8-6c57-4f89-8243-8591c7c2daf8,2021_01_27,Out of Leafs
85a4ec81-7842-4949-92f2-0a8400110d53,2020_02_27,Fully Leafed
85a4ec81-7842-4949-92f2-0a8400110d53,2021_01_27,Partially Leafed
85a4ec81-7842-4949-92f2-0a8400110d53,2021_10_27,Partially Leafed
85a4ec81-7842-4949-92f2-0a8400110d53,2021_11_24,Partially Leafed
85a4ec81-7842-4949-92f2-0a8400110d53,2023_12_05,Fully Leafed
85e738d8-e469-4f55-b0d5-9ea2bc9bebe9,2018_05_23,Out of Leafs
863c2193-248a-4de0-bf32-d1395a91147e,2018_04_04,Partially Leafed
863c2193-248a-4de0-bf32-d1395a91147e,2020_02_27,Out of Leafs
863c2193-248a-4de0-bf32-d1395a91147e,2021_11_24,Fully Leafed
863c2193-248a-4de0-bf32-d1395a91147e,2023_02_22,Out of Leafs
863c2193-248a-4de0-bf32-d1395a91147e,2023_11_27,Fully Leafed
86fe0741-6024-4709-81dd-d672d597161e,2018_04_04,Out of Leafs
86fe0741-6024-4709-81dd-d672d597161e,2021_11_24,Fully Leafed
8dbf268d-1947-48ae-8185-23ab045a9cc8,2018_08_27,Fully Leafed
8ebfd5e2-936b-4fc4-82b2-ffee8480fc25,2023_04_11,Out of Leafs
8f8c3257-cb40-416e-bf66-fee272e5b28c,2023_06_21,Out of Leafs
8f8c3257-cb40-416e-bf66-fee272e5b28c,2023_06_27,Out of Leafs
8f8c3257-cb40-416e-bf66-fee272e5b28c,2023_07_11,Out of Leafs
9083daef-9855-4d4d-a78f-e17f06ad2ada,2018_08_27,Fully Leafed
9083daef-9855-4d4d-a78f-e17f06ad2ada,2019_12_26,Out of Leafs
9083daef-9855-4d4d-a78f-e17f06ad2ada,2021_10_27,Fully Leafed
9083daef-9855-4d4d-a78f-e17f06ad2ada,2023_03_07,Out of Leafs
9083daef-9855-4d4d-a78f-e17f06ad2ada,2023_12_05,Out of Leafs
9083daef-9855-4d4d-a78f-e17f06ad2ada,2024_01_17,Out of Leafs
9083daef-9855-4d4d-a78f-e17f06ad2ada,2024_01_25,Out of Leafs
9083daef-9855-4d4d-a78f-e17f06ad2ada,2024_02_01,Out of Leafs
909896cf-378e-4a6c-9d2f-a0b058b1c492,2020_08_01,Out of Leafs
909896cf-378e-4a6c-9d2f-a0b058b1c492,2022_06_29,Out of Leafs
90ccdd16-1d9a-4afc-bf13-5b84ac3a8b41,2024_02_15,Out of Leafs
91ccbba1-48be-4627-9fd1-37ecd9e012f9,2018_10_26,Out of Leafs
91ccbba1-48be-4627-9fd1-37ecd9e012f9,2021_09_29,Out of Leafs
922bf85b-f020-438d-91b7-86a2b5645b25,2018_04_04,Out of Leafs
922bf85b-f020-438d-91b7-86a2b5645b25,2018_04_25,Partially Leafed
922bf85b-f020-438d-91b7-86a2b5645b25,2019_10_17,Fully Leafed
922bf85b-f020-438d-91b7-86a2b5645b25,2020_08_01,Fully Leafed
922bf85b-f020-438d-91b7-86a2b5645b25,2021_07_28,Fully Leafed
922bf85b-f020-438d-91b7-86a2b5645b25,2022_03_30,Out of Leafs
922bf85b-f020-438d-91b7-86a2b5645b25,2024_02_01,Out of Leafs
922bf85b-f020-438d-91b7-86a2b5645b25,2024_02_08,Out of Leafs
922bf85b-f020-438d-91b7-86a2b5645b25,2024_02_15,Out of Leafs
922bf85b-f020-438d-91b7-86a2b5645b25,2024_02_28,Out of Leafs
922bf85b-f020-438d-91b7-86a2b5645b25,2024_03_06,Out of Leafs
9231d07f-e076-41b3-a466-8a987a180394,2018_07_24,Fully Leafed
9231d07f-e076-41b3-a466-8a987a180394,2019_07_24,Fully Leafed
9231d07f-e076-41b3-a466-8a987a180394,2021_07_28,Fully Leafed
9231d07f-e076-41b3-a466-8a987a180394,2023_02_22,Out of Leafs
9231d07f-e076-41b3-a466-8a987a180394,2023_03_07,Out of Leafs
9231d07f-e076-41b3-a466-8a987a180394,2023_12_12,Partially Leafed
9231d07f-e076-41b3-a466-8a987a180394,2024_01_03,Out of Leafs
9231d07f-e076-41b3-a466-8a987a180394,2024_01_09,Fully Leafed
9231d07f-e076-41b3-a466-8a987a180394,2024_02_15,Fully Leafed
9231d07f-e076-41b3-a466-8a987a180394,2024_02_28,Fully Leafed
927de650-ec98-4e22-a8c8-2a47f56bf6f2,2022_03_30,Fully Leafed
927de650-ec98-4e22-a8c8-2a47f56bf6f2,2024_01_25,Out of Leafs
93cf9c4d-f5de-402b-9e92-4703b73b0d99,2019_02_25,Fully Leafed
93cf9c4d-f5de-402b-9e92-4703b73b0d99,2021_01_27,Fully Leafed
93cf9c4d-f5de-402b-9e92-4703b73b0d99,2021_10_27,Fully Leafed
93cf9c4d-f5de-402b-9e92-4703b73b0d99,2023_06_21,Fully Leafed
93cf9c4d-f5de-402b-9e92-4703b73b0d99,2024_02_15,Fully Leafed
93d06e14-3d23-493c-a0b1-f74fd674eb46,2018_04_04,Partially Leafed
93d06e14-3d23-493c-a0b1-f74fd674eb46,2018_07_24,Fully Leafed
93d06e14-3d23-493c-a0b1-f74fd674eb46,2023_05_23,Fully Leafed
93d06e14-3d23-493c-a0b1-f74fd674eb46,2023_09_05,Fully Leafed
93d06e14-3d23-493c-a0b1-f74fd674eb46,2023_12_05,Out of Leafs
93d06e14-3d23-493c-a0b1-f74fd674eb46,2023_12_12,Partially Leafed
93d06e14-3d23-493c-a0b1-f74fd674eb46,2024_02_08,Partially Leafed
956396f0-265d-4b40-a637-ec6c91b799c9,2018_04_25,Fully Leafed
956396f0-265d-4b40-a637-ec6c91b799c9,2019_02_25,Out of Leafs
956396f0-265d-4b40-a637-ec6c91b799c9,2021_01_27,Partially Leafed
956396f0-265d-4b40-a637-ec6c91b799c9,2021_07_28,Fully Leafed
956396f0-265d-4b40-a637-ec6c91b799c9,2021_10_27,Fully Leafed
956396f0-265d-4b40-a637-ec6c91b799c9,2023_02_22,Partially Leafed
956396f0-265d-4b40-a637-ec6c91b799c9,2023_06_21,Fully Leafed
956396f0-265d-4b40-a637-ec6c91b799c9,2023_06_27,Fully Leafed
956396f0-265d-4b40-a637-ec6c91b799c9,2024_02_01,Partially Leafed
956396f0-265d-4b40-a637-ec6c91b799c9,2024_02_15,Out of Leafs
956396f0-265d-4b40-a637-ec6c91b799c9,2024_02_28,Out of Leafs
956396f0-265d-4b40-a637-ec6c91b799c9,2024_03_06,Partially Leafed
956396f0-265d-4b40-a637-ec6c91b799c9,2024_03_18,Out of Leafs
968f09d2-cfb5-434f-9ecd-8f8c2fa0cc5e,2018_04_25,Fully Leafed
968f09d2-cfb5-434f-9ecd-8f8c2fa0cc5e,2018_05_23,Fully Leafed
96972a17-e395-4aac-8b50-ab259000385e,2023_12_05,Fully Leafed
96972a17-e395-4aac-8b50-ab259000385e,2023_12_12,Fully Leafed
980cc2a7-6381-4d19-a766-5bd0dbb13754,2020_08_01,Out of Leafs
98c2c48b-b852-4703-ab5b-2d7a90a7bfca,2020_06_15,Fully Leafed
98c2c48b-b852-4703-ab5b-2d7a90a7bfca,2020_08_01,Fully Leafed
98c2c48b-b852-4703-ab5b-2d7a90a7bfca,2021_01_27,Partially Leafed
98c2c48b-b852-4703-ab5b-2d7a90a7bfca,2021_03_25,Fully Leafed
99bf53ec-5a88-4124-bb65-68d4a180c760,2018_04_04,Partially Leafed
99bf53ec-5a88-4124-bb65-68d4a180c760,2019_07_24,Fully Leafed
99bf53ec-5a88-4124-bb65-68d4a180c760,2023_02_22,Partially Leafed
99bf53ec-5a88-4124-bb65-68d4a180c760,2023_03_07,Partially Leafed
99bf53ec-5a88-4124-bb65-68d4a180c760,2023_04_18,Partially Leafed
9aad9a6d-e072-4dc4-8503-cf62213a72ad,2019_02_25,Fully Leafed
9aad9a6d-e072-4dc4-8503-cf62213a72ad,2024_03_06,Out of Leafs
9ac9e1f0-1b50-4b05-9958-6bb92aa4beda,2018_04_04,Out of Leafs
9c76a50d-2953-4b55-9451-5f59a97bd059,2023_10_24,Fully Leafed
9d7228ce-9edb-4553-9cd1-f5f0b7ff6c90,2021_01_27,Partially Leafed
9e4a0d7c-d2b5-493e-809b-13fdc563c636,2023_02_22,Fully Leafed
9e4a0d7c-d2b5-493e-809b-13fdc563c636,2023_10_31,Fully Leafed
9f1c84a1-5eca-4d4c-b2dc-fb31071985a2,2018_05_23,Fully Leafed
9f1c84a1-5eca-4d4c-b2dc-fb31071985a2,2018_07_24,Fully Leafed
9f1c84a1-5eca-4d4c-b2dc-fb31071985a2,2023_08_15,Fully Leafed
9f1c84a1-5eca-4d4c-b2dc-fb31071985a2,2023_10_24,Fully Leafed
9f1c84a1-5eca-4d4c-b2dc-fb31071985a2,2024_02_28,Fully Leafed
9f97f686-716c-4f46-bd8e-f8f740032722,2019_01_28,Partially Leafed
a0a34d1f-b2b2-4a07-b8a3-7ac2b4f2dffa,2019_12_26,Fully Leafed
a0a34d1f-b2b2-4a07-b8a3-7ac2b4f2dffa,2023_08_15,Fully Leafed
a114c3c2-1bd8-4aa7-8891-3402f47eba0a,2018_04_04,Partially Leafed
a114c3c2-1bd8-4aa7-8891-3402f47eba0a,2019_01_28,Partially Leafed
a114c3c2-1bd8-4aa7-8891-3402f47eba0a,2021_03_25,Partially Leafed
a114c3c2-1bd8-4aa7-8891-3402f47eba0a,2023_02_22,Out of Leafs
a114c3c2-1bd8-4aa7-8891-3402f47eba0a,2023_03_07,Out of Leafs
a114c3c2-1bd8-4aa7-8891-3402f47eba0a,2023_05_02,Out of Leafs
a114c3c2-1bd8-4aa7-8891-3402f47eba0a,2024_03_18,Partially Leafed
a230d4dd-a9f9-4aa0-8432-ae08e0067648,2018_05_23,Out of Leafs
a230d4dd-a9f9-4aa0-8432-ae08e0067648,2019_07_24,Fully Leafed
a230d4dd-a9f9-4aa0-8432-ae08e0067648,2020_02_27,Partially Leafed
a230d4dd-a9f9-4aa0-8432-ae08e0067648,2020_06_15,Fully Leafed
a230d4dd-a9f9-4aa0-8432-ae08e0067648,2023_02_22,Fully Leafed
a230d4dd-a9f9-4aa0-8432-ae08e0067648,2023_05_02,Out of Leafs
a230d4dd-a9f9-4aa0-8432-ae08e0067648,2023_07_11,Fully Leafed
a28afb42-e3c5-4257-9a5e-0582f6ad9bf9,2019_02_25,Partially Leafed
a2d73a3a-ba82-4339-a999-75f2730543a2,2024_01_25,Fully Leafed
a30c93d4-9c1c-461d-8690-be2592f775ff,2018_04_04,Partially Leafed
a30c93d4-9c1c-461d-8690-be2592f775ff,2021_01_27,Partially Leafed
a30c93d4-9c1c-461d-8690-be2592f775ff,2022_03_30,Out of Leafs
a30c93d4-9c1c-461d-8690-be2592f775ff,2023_10_31,Fully Leafed
a30c93d4-9c1c-461d-8690-be2592f775ff,2023_11_14,Fully Leafed
a30c93d4-9c1c-461d-8690-be2592f775ff,2024_02_21,Partially Leafed
a30c93d4-9c1c-461d-8690-be2592f775ff,2024_02_28,Partially Leafed
a30c93d4-9c1c-461d-8690-be2592f775ff,2024_03_06,Partially Leafed
a30c93d4-9c1c-461d-8690-be2592f775ff,2024_03_18,Out of Leafs
a3230e35-8562-4041-b0ae-d6325cdff16c,2023_01_30,Partially Leafed
a3230e35-8562-4041-b0ae-d6325cdff16c,2024_02_21,Out of Leafs
a3230e35-8562-4041-b0ae-d6325cdff16c,2024_03_06,Out of Leafs
a366d4f8-2abc-4a52-aefe-20f8466233db,2018_05_23,Out of Leafs
a366d4f8-2abc-4a52-aefe-20f8466233db,2019_07_24,Fully Leafed
a366d4f8-2abc-4a52-aefe-20f8466233db,2020_08_01,Fully Leafed
a366d4f8-2abc-4a52-aefe-20f8466233db,2021_03_25,Fully Leafed
a366d4f8-2abc-4a52-aefe-20f8466233db,2021_11_24,Fully Leafed
a366d4f8-2abc-4a52-aefe-20f8466233db,2023_03_07,Fully Leafed
a366d4f8-2abc-4a52-aefe-20f8466233db,2023_11_14,Fully Leafed
a366d4f8-2abc-4a52-aefe-20f8466233db,2023_12_05,Fully Leafed
a366d4f8-2abc-4a52-aefe-20f8466233db,2023_12_12,Fully Leafed
a366d4f8-2abc-4a52-aefe-20f8466233db,2024_02_08,Fully Leafed
a42f8633-4ba9-41af-b907-f44ea6c492af,2018_04_04,Partially Leafed
a42f8633-4ba9-41af-b907-f44ea6c492af,2018_10_26,Fully Leafed
a42f8633-4ba9-41af-b907-f44ea6c492af,2020_06_15,Fully Leafed
a42f8633-4ba9-41af-b907-f44ea6c492af,2022_03_30,Out of Leafs
a42f8633-4ba9-41af-b907-f44ea6c492af,2023_10_31,Fully Leafed
a42f8633-4ba9-41af-b907-f44ea6c492af,2023_11_14,Fully Leafed
a42f8633-4ba9-41af-b907-f44ea6c492af,2024_01_09,Fully Leafed
a42f8633-4ba9-41af-b907-f44ea6c492af,2024_02_15,Partially Leafed
a42f8633-4ba9-41af-b907-f44ea6c492af,2024_02_21,Partially Leafed
a42f8633-4ba9-41af-b907-f44ea6c492af,2024_02_28,Partially Leafed
a42f8633-4ba9-41af-b907-f44ea6c492af,2024_03_06,Partially Leafed
a42f8633-4ba9-41af-b907-f44ea6c492af,2024_03_18,Out of Leafs
a4a9ea87-c99a-4fac-9e0c-c743b17113ca,2018_04_04,Out of Leafs
a535e37e-934d-4868-bf2d-d42313da1a53,2023_10_31,Fully Leafed
a53ef977-6375-4f43-a45a-09e6655add4b,2023_01_30,Out of Leafs
a53ef977-6375-4f43-a45a-09e6655add4b,2024_01_25,Out of Leafs
a53ef977-6375-4f43-a45a-09e6655add4b,2024_02_01,Out of Leafs
a53ef977-6375-4f43-a45a-09e6655add4b,2024_02_15,Out of Leafs
a53ef977-6375-4f43-a45a-09e6655add4b,2024_02_28,Out of Leafs
a5c45dfa-fb1a-4d1d-a046-4d9bd027a75a,2018_04_04,Out of Leafs
a5c45dfa-fb1a-4d1d-a046-4d9bd027a75a,2023_03_07,Out of Leafs
a61e3aa8-bf52-44e2-9379-1672c6507130,2018_04_25,Partially Leafed
a8aad031-8b34-4591-a0b3-2cc735bba890,2023_07_11,Fully Leafed
a9fbce15-5d86-432a-93a4-9ee6f0bfb19e,2018_11_26,Partially Leafed
a9fbce15-5d86-432a-93a4-9ee6f0bfb19e,2019_12_26,Partially Leafed
a9fbce15-5d86-432a-93a4-9ee6f0bfb19e,2021_01_27,Out of Leafs
aac77263-db33-4329-bef5-87bf1f49d3f1,2018_05_23,Out of Leafs
abb4cb00-c7c5-4601-b7e7-06d18a78201a,2023_10_31,Fully Leafed
abbce072-cfe2-4739-824b-e74db6904286,2023_10_24,Fully Leafed
ac263b0a-e062-4a87-a94c-c88421e82f60,2024_02_21,Fully Leafed
ad8878ea-6354-4fb7-a617-cd0fadf76443,2018_04_04,Partially Leafed
af6a6bc9-a52e-4a2a-93ab-44c6ad2a1c6c,2023_11_14,Fully Leafed
afbda3c3-9e08-40c8-a682-d6c87c4dd38a,2023_05_23,Fully Leafed
affa2f29-d645-45c9-aa38-2f2d9fc63456,2023_02_22,Fully Leafed
affa2f29-d645-45c9-aa38-2f2d9fc63456,2023_08_15,Fully Leafed
affa2f29-d645-45c9-aa38-2f2d9fc63456,2023_11_27,Fully Leafed
b0e0daf6-3d04-4565-ad3f-42b83e21c188,2018_05_23,Fully Leafed
b0e0daf6-3d04-4565-ad3f-42b83e21c188,2018_11_26,Out of Leafs
b0e0daf6-3d04-4565-ad3f-42b83e21c188,2019_01_28,Out of Leafs
b0e0daf6-3d04-4565-ad3f-42b83e21c188,2019_07_24,Fully Leafed
b0e0daf6-3d04-4565-ad3f-42b83e21c188,2019_10_17,Fully Leafed
b0e0daf6-3d04-4565-ad3f-42b83e21c188,2020_06_15,Fully Leafed
b0e0daf6-3d04-4565-ad3f-42b83e21c188,2020_08_01,Fully Leafed
b0e0daf6-3d04-4565-ad3f-42b83e21c188,2021_01_27,Fully Leafed
b0e0daf6-3d04-4565-ad3f-42b83e21c188,2021_12_28,Fully Leafed
b0e0daf6-3d04-4565-ad3f-42b83e21c188,2022_06_29,Fully Leafed
b0e0daf6-3d04-4565-ad3f-42b83e21c188,2023_02_22,Fully Leafed
b0e0daf6-3d04-4565-ad3f-42b83e21c188,2023_03_07,Fully Leafed
b0e0daf6-3d04-4565-ad3f-42b83e21c188,2023_04_11,Partially Leafed
b0e0daf6-3d04-4565-ad3f-42b83e21c188,2023_04_18,Partially Leafed
b0e0daf6-3d04-4565-ad3f-42b83e21c188,2023_05_02,Out of Leafs
b0e0daf6-3d04-4565-ad3f-42b83e21c188,2023_06_21,Fully Leafed
b0e0daf6-3d04-4565-ad3f-42b83e21c188,2023_07_11,Fully Leafed
b0e0daf6-3d04-4565-ad3f-42b83e21c188,2023_08_08,Fully Leafed
b0e0daf6-3d04-4565-ad3f-42b83e21c188,2023_10_31,Fully Leafed
b0e0daf6-3d04-4565-ad3f-42b83e21c188,2023_11_27,Out of Leafs
b0e0daf6-3d04-4565-ad3f-42b83e21c188,2023_12_05,Out of Leafs
b0e0daf6-3d04-4565-ad3f-42b83e21c188,2023_12_12,Out of Leafs
b0e0daf6-3d04-4565-ad3f-42b83e21c188,2024_01_03,Out of Leafs
b0e0daf6-3d04-4565-ad3f-42b83e21c188,2024_01_09,Out of Leafs
b0e0daf6-3d04-4565-ad3f-42b83e21c188,2024_01_17,Out of Leafs
b0e0daf6-3d04-4565-ad3f-42b83e21c188,2024_01_25,Out of Leafs
b0e0daf6-3d04-4565-ad3f-42b83e21c188,2024_02_01,Out of Leafs
b0e0daf6-3d04-4565-ad3f-42b83e21c188,2024_02_21,Fully Leafed
b0e0daf6-3d04-4565-ad3f-42b83e21c188,2024_03_06,Fully Leafed
b12285c8-276c-45fa-b0c2-5634f1aa1730,2024_02_15,Fully Leafed
b12963c8-dd0c-4232-b0af-ebf221728922,2021_01_27,Out of Leafs
b19d8062-e35f-431c-852f-f7f1adf57f02,2018_04_25,Fully Leafed
b19d8062-e35f-431c-852f-f7f1adf57f02,2019_07_24,Fully Leafed
b19d8062-e35f-431c-852f-f7f1adf57f02,2019_10_17,Fully Leafed
b19d8062-e35f-431c-852f-f7f1adf57f02,2021_11_24,Fully Leafed
b19d8062-e35f-431c-852f-f7f1adf57f02,2022_06_29,Fully Leafed
b19d8062-e35f-431c-852f-f7f1adf57f02,2023_03_07,Fully Leafed
b19d8062-e35f-431c-852f-f7f1adf57f02,2023_06_21,Fully Leafed
b19d8062-e35f-431c-852f-f7f1adf57f02,2023_08_15,Fully Leafed
b19d8062-e35f-431c-852f-f7f1adf57f02,2023_12_05,Fully Leafed
b19d8062-e35f-431c-852f-f7f1adf57f02,2024_01_03,Out of Leafs
b19d8062-e35f-431c-852f-f7f1adf57f02,2024_01_09,Fully Leafed
b1d933bd-5ba4-460d-9675-abed48b90f28,2024_03_06,Partially Leafed
b2017244-a022-48dd-890b-b8212b73159e,2023_04_11,Out of Leafs
b34a4e20-240d-4cfe-b043-c3083cc11fb9,2024_01_09,Fully Leafed
b3a785e1-c8d4-4a44-9775-4048d4827e2d,2018_07_24,Out of Leafs
b3a785e1-c8d4-4a44-9775-4048d4827e2d,2021_07_28,Out of Leafs
b3a785e1-c8d4-4a44-9775-4048d4827e2d,2023_06_21,Out of Leafs
b49d3251-b3d5-4210-ad8b-36a969ebd558,2021_01_27,Partially Leafed
b49d3251-b3d5-4210-ad8b-36a969ebd558,2024_02_21,Out of Leafs
b5133434-1910-4069-9e34-899fac89dea3,2018_11_26,Partially Leafed
b5133434-1910-4069-9e34-899fac89dea3,2022_11_24,Out of Leafs
b5133434-1910-4069-9e34-899fac89dea3,2023_09_05,Fully Leafed
b5133434-1910-4069-9e34-899fac89dea3,2023_11_27,Fully Leafed
b5133434-1910-4069-9e34-899fac89dea3,2024_01_09,Partially Leafed
b5133434-1910-4069-9e34-899fac89dea3,2024_01_25,Fully Leafed
b5c7e66c-b3f3-4728-be7b-69f829d2117f,2021_11_24,Fully Leafed
b64d553c-5249-4054-92c2-17f38034c737,2018_04_04,Partially Leafed
b64d553c-5249-4054-92c2-17f38034c737,2018_04_25,Out of Leafs
b64d553c-5249-4054-92c2-17f38034c737,2018_05_23,Partially Leafed
b64d553c-5249-4054-92c2-17f38034c737,2018_07_24,Fully Leafed
b64d553c-5249-4054-92c2-17f38034c737,2019_07_24,Fully Leafed
b64d553c-5249-4054-92c2-17f38034c737,2020_08_01,Fully Leafed
b64d553c-5249-4054-92c2-17f38034c737,2021_07_28,Fully Leafed
b64d553c-5249-4054-92c2-17f38034c737,2021_11_24,Fully Leafed
b64d553c-5249-4054-92c2-17f38034c737,2023_04_18,Out of Leafs
b64d553c-5249-4054-92c2-17f38034c737,2023_05_23,Out of Leafs
b64d553c-5249-4054-92c2-17f38034c737,2023_06_21,Fully Leafed
b64d553c-5249-4054-92c2-17f38034c737,2023_06_27,Fully Leafed
b64d553c-5249-4054-92c2-17f38034c737,2023_10_24,Fully Leafed
b64d553c-5249-4054-92c2-17f38034c737,2024_01_09,Fully Leafed
b64d553c-5249-4054-92c2-17f38034c737,2024_02_01,Fully Leafed
b64d553c-5249-4054-92c2-17f38034c737,2024_02_08,Fully Leafed
b77bd986-9710-4b49-994d-5ae52e1b5be5,2018_08_27,Fully Leafed
b77bd986-9710-4b49-994d-5ae52e1b5be5,2019_12_26,Fully Leafed
b77bd986-9710-4b49-994d-5ae52e1b5be5,2020_08_01,Fully Leafed
b77bd986-9710-4b49-994d-5ae52e1b5be5,2024_01_09,Partially Leafed
b77bd986-9710-4b49-994d-5ae52e1b5be5,2024_02_15,Out of Leafs
b77bd986-9710-4b49-994d-5ae52e1b5be5,2024_02_21,Out of Leafs
b77bd986-9710-4b49-994d-5ae52e1b5be5,2024_03_06,Out of Leafs
b8575e32-a1bf-4eac-9e06-7488308f7ba0,2021_07_28,Partially Leafed
b8575e32-a1bf-4eac-9e06-7488308f7ba0,2024_02_08,Fully Leafed
ba2edd69-82d8-446b-aa02-91cf32cc991a,2018_07_24,Fully Leafed
ba2edd69-82d8-446b-aa02-91cf32cc991a,2023_11_27,Fully Leafed
ba68b875-98e6-4b7b-912f-c0fb82c4296f,2018_11_26,Fully Leafed
ba68b875-98e6-4b7b-912f-c0fb82c4296f,2024_01_03,Fully Leafed
badee35d-7b09-4d87-9b4a-b052af7c3749,2023_03_07,Out of Leafs
bbc35325-c490-4ac4-866b-f69243bdd666,2021_01_27,Out of Leafs
bbc35325-c490-4ac4-866b-f69243bdd666,2024_02_15,Out of Leafs
bbc35325-c490-4ac4-866b-f69243bdd666,2024_02_28,Out of Leafs
bc9f469f-e84a-45d2-8b09-262e0f7b58df,2018_04_04,Partially Leafed
bc9f469f-e84a-45d2-8b09-262e0f7b58df,2024_03_06,Partially Leafed
bcbab2f5-feee-4042-86bb-6e3a76b00832,2024_01_09,Fully Leafed
bcf59fd0-ef26-40d0-9f77-91800fe1b656,2018_07_24,Fully Leafed
bcf59fd0-ef26-40d0-9f77-91800fe1b656,2023_07_11,Fully Leafed
bd01e811-90f3-4a45-b149-7570248f7ba3,2023_05_02,Fully Leafed
bf623767-21ef-4bd3-88ff-c8d3cbc6d3ff,2024_02_01,Out of Leafs
bf623767-21ef-4bd3-88ff-c8d3cbc6d3ff,2024_02_15,Out of Leafs
bf623767-21ef-4bd3-88ff-c8d3cbc6d3ff,2024_02_28,Out of Leafs
bf6b2ddd-d70e-4653-84be-edc102d5d81b,2019_01_28,Out of Leafs
bf6b2ddd-d70e-4653-84be-edc102d5d81b,2024_02_15,Out of Leafs
bf6b2ddd-d70e-4653-84be-edc102d5d81b,2024_02_28,Out of Leafs
c0441a9c-8746-4a43-83a4-a052c52db4d3,2023_12_05,Fully Leafed
c13b0b46-8b62-4fcf-bc3b-1863606b581d,2018_04_04,Out of Leafs
c13b0b46-8b62-4fcf-bc3b-1863606b581d,2019_07_24,Fully Leafed
c13b0b46-8b62-4fcf-bc3b-1863606b581d,2023_03_07,Out of Leafs
c13b0b46-8b62-4fcf-bc3b-1863606b581d,2023_04_11,Out of Leafs
c13b0b46-8b62-4fcf-bc3b-1863606b581d,2024_01_17,Partially Leafed
c13b0b46-8b62-4fcf-bc3b-1863606b581d,2024_01_25,Partially Leafed
c13b0b46-8b62-4fcf-bc3b-1863606b581d,2024_02_08,Partially Leafed
c13b0b46-8b62-4fcf-bc3b-1863606b581d,2024_02_15,Out of Leafs
c13b0b46-8b62-4fcf-bc3b-1863606b581d,2024_02_21,Partially Leafed
c1631b71-e3df-4b44-9c62-c587197bd7d4,2018_04_25,Out of Leafs
c1631b71-e3df-4b44-9c62-c587197bd7d4,2020_08_01,Fully Leafed
c1631b71-e3df-4b44-9c62-c587197bd7d4,2022_03_30,Out of Leafs
c1631b71-e3df-4b44-9c62-c587197bd7d4,2023_08_15,Fully Leafed
c1631b71-e3df-4b44-9c62-c587197bd7d4,2024_02_01,Partially Leafed
c1631b71-e3df-4b44-9c62-c587197bd7d4,2024_02_15,Out of Leafs
c1631b71-e3df-4b44-9c62-c587197bd7d4,2024_03_06,Partially Leafed
c2be4a0b-9499-49a9-aae9-c6eb6169cffd,2023_02_22,Out of Leafs
c2be4a0b-9499-49a9-aae9-c6eb6169cffd,2024_02_21,Out of Leafs
c4acd0e1-f9ce-4cc1-aa60-995796bdbb81,2018_05_23,Out of Leafs
c5628eaf-3383-4ab8-98e6-29c9f6c2d796,2018_04_04,Fully Leafed
c5628eaf-3383-4ab8-98e6-29c9f6c2d796,2018_04_25,Fully Leafed
c5628eaf-3383-4ab8-98e6-29c9f6c2d796,2018_07_24,Fully Leafed
c5628eaf-3383-4ab8-98e6-29c9f6c2d796,2018_10_26,Fully Leafed
c5628eaf-3383-4ab8-98e6-29c9f6c2d796,2018_11_26,Fully Leafed
c5628eaf-3383-4ab8-98e6-29c9f6c2d796,2019_07_24,Fully Leafed
c5628eaf-3383-4ab8-98e6-29c9f6c2d796,2021_01_27,Fully Leafed
c5628eaf-3383-4ab8-98e6-29c9f6c2d796,2021_10_27,Fully Leafed
c5628eaf-3383-4ab8-98e6-29c9f6c2d796,2022_11_24,Fully Leafed
c5628eaf-3383-4ab8-98e6-29c9f6c2d796,2023_05_02,Partially Leafed
c5628eaf-3383-4ab8-98e6-29c9f6c2d796,2023_05_23,Fully Leafed
c5628eaf-3383-4ab8-98e6-29c9f6c2d796,2023_08_08,Fully Leafed
c5628eaf-3383-4ab8-98e6-29c9f6c2d796,2023_10_31,Fully Leafed
c5628eaf-3383-4ab8-98e6-29c9f6c2d796,2023_12_05,Fully Leafed
c5628eaf-3383-4ab8-98e6-29c9f6c2d796,2023_12_12,Fully Leafed
c5628eaf-3383-4ab8-98e6-29c9f6c2d796,2024_01_03,Fully Leafed
c5628eaf-3383-4ab8-98e6-29c9f6c2d796,2024_02_15,Fully Leafed
c5628eaf-3383-4ab8-98e6-29c9f6c2d796,2024_02_21,Fully Leafed
c589e8a1-36be-44b3-b7d3-aa5dcb1a1da5,2021_11_24,Fully Leafed
c589e8a1-36be-44b3-b7d3-aa5dcb1a1da5,2023_11_14,Fully Leafed
c610d05b-81e1-4611-a573-e9719f8cc0c4,2018_04_04,Partially Leafed
c610d05b-81e1-4611-a573-e9719f8cc0c4,2018_07_24,Fully Leafed
c610d05b-81e1-4611-a573-e9719f8cc0c4,2018_10_26,Fully Leafed
c610d05b-81e1-4611-a573-e9719f8cc0c4,2019_07_24,Fully Leafed
c610d05b-81e1-4611-a573-e9719f8cc0c4,2020_02_27,Partially Leafed
c610d05b-81e1-4611-a573-e9719f8cc0c4,2020_08_01,Fully Leafed
c610d05b-81e1-4611-a573-e9719f8cc0c4,2022_11_24,Fully Leafed
c610d05b-81e1-4611-a573-e9719f8cc0c4,2023_10_11,Fully Leafed
c610d05b-81e1-4611-a573-e9719f8cc0c4,2024_01_09,Fully Leafed
c6fbf59f-2e43-4802-915b-75d57f2687d5,2018_11_26,Partially Leafed
c774b96e-c1a4-47e0-9c36-9bdbe97fc832,2023_11_27,Out of Leafs
c774b96e-c1a4-47e0-9c36-9bdbe97fc832,2023_12_05,Out of Leafs
c774b96e-c1a4-47e0-9c36-9bdbe97fc832,2023_12_12,Out of Leafs
c774b96e-c1a4-47e0-9c36-9bdbe97fc832,2024_01_03,Out of Leafs
c774b96e-c1a4-47e0-9c36-9bdbe97fc832,2024_01_09,Out of Leafs
c774b96e-c1a4-47e0-9c36-9bdbe97fc832,2024_02_08,Out of Leafs
c774b96e-c1a4-47e0-9c36-9bdbe97fc832,2024_02_21,Out of Leafs
c774b96e-c1a4-47e0-9c36-9bdbe97fc832,2024_03_06,Out of Leafs
c92ed153-f548-413b-b61c-13edec7d5422,2023_12_12,Out of Leafs
c96f815a-6d41-47e3-8e7b-470e74277476,2021_01_27,Fully Leafed
c96f815a-6d41-47e3-8e7b-470e74277476,2023_10_31,Fully Leafed
c96f815a-6d41-47e3-8e7b-470e74277476,2024_01_25,Fully Leafed
c96f815a-6d41-47e3-8e7b-470e74277476,2024_02_01,Fully Leafed
c96f815a-6d41-47e3-8e7b-470e74277476,2024_02_15,Fully Leafed
c9b370cf-7307-4da4-9c5a-e9f3eecf7d3e,2023_05_02,Partially Leafed
c9cf8244-fe3d-48b0-a766-6d82d934ec33,2024_02_01,Partially Leafed
c9cf8244-fe3d-48b0-a766-6d82d934ec33,2024_02_15,Partially Leafed
c9cf8244-fe3d-48b0-a766-6d82d934ec33,2024_02_28,Partially Leafed
ca14b473-3bcd-4319-818d-1ef99c64f348,2023_11_14,Fully Leafed
cbba6e70-052b-4cfd-9569-c9aaa277429f,2024_02_01,Fully Leafed
cc2402e6-e3aa-46dc-9592-9bab97c4f788,2018_05_23,Out of Leafs
ccfbdab4-92b2-440b-a773-ef51ecb5e76d,2018_04_04,Fully Leafed
ccfbdab4-92b2-440b-a773-ef51ecb5e76d,2018_07_24,Fully Leafed
ccfbdab4-92b2-440b-a773-ef51ecb5e76d,2018_08_27,Fully Leafed
ccfbdab4-92b2-440b-a773-ef51ecb5e76d,2018_11_26,Fully Leafed
ccfbdab4-92b2-440b-a773-ef51ecb5e76d,2020_08_01,Fully Leafed
ccfbdab4-92b2-440b-a773-ef51ecb5e76d,2023_05_23,Fully Leafed
ccfbdab4-92b2-440b-a773-ef51ecb5e76d,2023_07_11,Fully Leafed
ccfbdab4-92b2-440b-a773-ef51ecb5e76d,2023_08_08,Fully Leafed
ccfbdab4-92b2-440b-a773-ef51ecb5e76d,2023_11_27,Out of Leafs
ccfbdab4-92b2-440b-a773-ef51ecb5e76d,2024_01_03,Fully Leafed
ccfbdab4-92b2-440b-a773-ef51ecb5e76d,2024_01_09,Fully Leafed
ccfbdab4-92b2-440b-a773-ef51ecb5e76d,2024_02_21,Fully Leafed
d0d18fe0-345d-4fb4-985f-afae367a7f77,2019_07_24,Fully Leafed
d0f35899-8ad2-4738-a876-1c60e0aea8f8,2018_10_26,Fully Leafed
d0f35899-8ad2-4738-a876-1c60e0aea8f8,2019_10_17,Fully Leafed
d0f35899-8ad2-4738-a876-1c60e0aea8f8,2021_11_24,Fully Leafed
d1aa2f45-83cf-4f35-8f66-f531e2082ce9,2023_12_12,Partially Leafed
d1d6273f-2936-44b6-8266-ba25f8394aa9,2018_04_25,Out of Leafs
d1d6273f-2936-44b6-8266-ba25f8394aa9,2018_05_23,Partially Leafed
d1d6273f-2936-44b6-8266-ba25f8394aa9,2022_03_30,Partially Leafed
d1d6273f-2936-44b6-8266-ba25f8394aa9,2023_05_16,Out of Leafs
d1d6273f-2936-44b6-8266-ba25f8394aa9,2023_06_21,Partially Leafed
d24db25d-13f5-41c0-a502-7a7c8d4259e6,2020_02_27,Partially Leafed
d24db25d-13f5-41c0-a502-7a7c8d4259e6,2021_11_24,Partially Leafed
d24db25d-13f5-41c0-a502-7a7c8d4259e6,2024_02_15,Partially Leafed
d27111ba-cbe1-4bf1-9857-e7f475b1a1a5,2019_07_24,Fully Leafed
d27111ba-cbe1-4bf1-9857-e7f475b1a1a5,2024_02_01,Fully Leafed
d27111ba-cbe1-4bf1-9857-e7f475b1a1a5,2024_02_15,Fully Leafed
d47b3678-9f11-4811-9930-c969df5fac0e,2018_04_04,Partially Leafed
d47b3678-9f11-4811-9930-c969df5fac0e,2019_12_26,Fully Leafed
d47b3678-9f11-4811-9930-c969df5fac0e,2020_06_15,Fully Leafed
d47b3678-9f11-4811-9930-c969df5fac0e,2021_01_27,Fully Leafed
d47b3678-9f11-4811-9930-c969df5fac0e,2022_03_30,Partially Leafed
d47b3678-9f11-4811-9930-c969df5fac0e,2023_10_31,Fully Leafed
d47b3678-9f11-4811-9930-c969df5fac0e,2023_11_14,Fully Leafed
d47b3678-9f11-4811-9930-c969df5fac0e,2024_01_17,Fully Leafed
d47b3678-9f11-4811-9930-c969df5fac0e,2024_02_08,Partially Leafed
d47b3678-9f11-4811-9930-c969df5fac0e,2024_02_15,Partially Leafed
d47b3678-9f11-4811-9930-c969df5fac0e,2024_02_21,Partially Leafed
d47b3678-9f11-4811-9930-c969df5fac0e,2024_02_28,Partially Leafed
d47b3678-9f11-4811-9930-c969df5fac0e,2024_03_06,Partially Leafed
d47b3678-9f11-4811-9930-c969df5fac0e,2024_03_18,Out of Leafs
d4ab4af5-816a-4d39-9967-b2d9dbd1cf66,2020_06_15,Fully Leafed
d4ab4af5-816a-4d39-9967-b2d9dbd1cf66,2024_01_17,Fully Leafed
d4ac59df-2803-4f31-9312-cb44b8b2c95f,2022_09_29,Partially Leafed
d54d9827-18e6-486f-9c8a-95dbcbb91bb5,2023_08_08,Fully Leafed
d6037f14-e0b7-4093-a7fa-70db99defcd7,2021_09_29,Partially Leafed
d6037f14-e0b7-4093-a7fa-70db99defcd7,2022_11_24,Partially Leafed
d6037f14-e0b7-4093-a7fa-70db99defcd7,2023_11_27,Out of Leafs
d6037f14-e0b7-4093-a7fa-70db99defcd7,2023_12_05,Partially Leafed
d6037f14-e0b7-4093-a7fa-70db99defcd7,2024_01_03,Out of Leafs
d6037f14-e0b7-4093-a7fa-70db99defcd7,2024_01_09,Partially Leafed
d6037f14-e0b7-4093-a7fa-70db99defcd7,2024_01_17,Out of Leafs
d6037f14-e0b7-4093-a7fa-70db99defcd7,2024_02_08,Out of Leafs
d6b6e4ed-8feb-499a-838c-a788619747da,2018_04_04,Out of Leafs
d6b6e4ed-8feb-499a-838c-a788619747da,2018_07_24,Fully Leafed
d6b6e4ed-8feb-499a-838c-a788619747da,2018_11_26,Fully Leafed
d6b6e4ed-8feb-499a-838c-a788619747da,2019_01_28,Partially Leafed
d6b6e4ed-8feb-499a-838c-a788619747da,2019_02_25,Partially Leafed
d6b6e4ed-8feb-499a-838c-a788619747da,2021_10_27,Fully Leafed
d6b6e4ed-8feb-499a-838c-a788619747da,2021_12_28,Fully Leafed
d6b6e4ed-8feb-499a-838c-a788619747da,2023_05_23,Fully Leafed
d6b6e4ed-8feb-499a-838c-a788619747da,2023_07_11,Fully Leafed
d6b6e4ed-8feb-499a-838c-a788619747da,2023_12_12,Fully Leafed
d6b6e4ed-8feb-499a-838c-a788619747da,2024_02_01,Partially Leafed
d6b6e4ed-8feb-499a-838c-a788619747da,2024_02_08,Out of Leafs
d6b6e4ed-8feb-499a-838c-a788619747da,2024_02_15,Out of Leafs
d6b6e4ed-8feb-499a-838c-a788619747da,2024_02_28,Out of Leafs
d6b6e4ed-8feb-499a-838c-a788619747da,2024_03_06,Partially Leafed
d758611e-19bc-4281-ae0a-b7b87f87234c,2018_04_04,Out of Leafs
d758611e-19bc-4281-ae0a-b7b87f87234c,2018_04_25,Out of Leafs
d758611e-19bc-4281-ae0a-b7b87f87234c,2018_05_23,Partially Leafed
d758611e-19bc-4281-ae0a-b7b87f87234c,2019_10_17,Partially Leafed
d758611e-19bc-4281-ae0a-b7b87f87234c,2020_06_15,Partially Leafed
d758611e-19bc-4281-ae0a-b7b87f87234c,2020_08_01,Partially Leafed
d758611e-19bc-4281-ae0a-b7b87f87234c,2021_01_27,Out of Leafs
d758611e-19bc-4281-ae0a-b7b87f87234c,2021_11_24,Out of Leafs
d758611e-19bc-4281-ae0a-b7b87f87234c,2022_06_29,Partially Leafed
d758611e-19bc-4281-ae0a-b7b87f87234c,2023_08_08,Partially Leafed
d758611e-19bc-4281-ae0a-b7b87f87234c,2023_10_31,Out of Leafs
d758611e-19bc-4281-ae0a-b7b87f87234c,2023_11_14,Partially Leafed
d758611e-19bc-4281-ae0a-b7b87f87234c,2023_12_05,Partially Leafed
d79de1da-2d84-460a-bdfe-cf9abc9a5832,2020_06_15,Fully Leafed
d79de1da-2d84-460a-bdfe-cf9abc9a5832,2020_08_01,Fully Leafed
d79de1da-2d84-460a-bdfe-cf9abc9a5832,2021_12_28,Fully Leafed
d79de1da-2d84-460a-bdfe-cf9abc9a5832,2023_11_14,Fully Leafed
d79de1da-2d84-460a-bdfe-cf9abc9a5832,2024_01_03,Fully Leafed
d7cf5daf-530e-4f15-9f48-78b5a04605c9,2018_04_04,Fully Leafed
d91eb750-da0e-4ec6-b70b-f9214a5a77d3,2023_11_14,Fully Leafed
d9ce4645-ab72-411b-a288-bf4cf68992c5,2018_04_04,Out of Leafs
d9ce4645-ab72-411b-a288-bf4cf68992c5,2021_01_27,Partially Leafed
d9ce4645-ab72-411b-a288-bf4cf68992c5,2021_03_25,Partially Leafed
d9ce4645-ab72-411b-a288-bf4cf68992c5,2021_10_27,Partially Leafed
d9ce4645-ab72-411b-a288-bf4cf68992c5,2021_11_24,Partially Leafed
d9ce4645-ab72-411b-a288-bf4cf68992c5,2023_01_30,Out of Leafs
d9ce4645-ab72-411b-a288-bf4cf68992c5,2023_03_07,Out of Leafs
d9ce4645-ab72-411b-a288-bf4cf68992c5,2023_04_11,Out of Leafs
d9ce4645-ab72-411b-a288-bf4cf68992c5,2023_11_14,Fully Leafed
da574c91-cf37-4821-b883-15d3d8d290d2,2020_08_01,Fully Leafed
daafdede-11d2-48f0-a7fb-a5551de01aa5,2018_04_04,Out of Leafs
daafdede-11d2-48f0-a7fb-a5551de01aa5,2019_01_28,Out of Leafs
daafdede-11d2-48f0-a7fb-a5551de01aa5,2020_02_27,Out of Leafs
daafdede-11d2-48f0-a7fb-a5551de01aa5,2023_02_22,Out of Leafs
daafdede-11d2-48f0-a7fb-a5551de01aa5,2023_03_07,Out of Leafs
daafdede-11d2-48f0-a7fb-a5551de01aa5,2023_04_11,Out of Leafs
daafdede-11d2-48f0-a7fb-a5551de01aa5,2023_05_23,Out of Leafs
daafdede-11d2-48f0-a7fb-a5551de01aa5,2024_02_15,Out of Leafs
daafdede-11d2-48f0-a7fb-a5551de01aa5,2024_02_28,Out of Leafs
dc0450fd-a432-4654-b90a-a8dbb7bba312,2019_10_17,Partially Leafed
dc0450fd-a432-4654-b90a-a8dbb7bba312,2021_11_24,Fully Leafed
def44b69-7338-4004-8ab3-ce20e5c4b1d5,2021_07_28,Out of Leafs
e03db8cf-6139-4e0b-96da-27a7b4d68ef8,2018_04_04,Partially Leafed
e03db8cf-6139-4e0b-96da-27a7b4d68ef8,2021_12_28,Fully Leafed
e03db8cf-6139-4e0b-96da-27a7b4d68ef8,2023_05_02,Out of Leafs
e03db8cf-6139-4e0b-96da-27a7b4d68ef8,2023_05_23,Fully Leafed
e03db8cf-6139-4e0b-96da-27a7b4d68ef8,2023_06_21,Fully Leafed
e03db8cf-6139-4e0b-96da-27a7b4d68ef8,2023_06_27,Fully Leafed
e03db8cf-6139-4e0b-96da-27a7b4d68ef8,2023_08_08,Fully Leafed
e0761503-58b7-49f3-a951-0c7fefeaade3,2018_04_25,Partially Leafed
e0fcabd2-7d25-4928-acc9-c0ae57254806,2018_10_26,Fully Leafed
e0fcabd2-7d25-4928-acc9-c0ae57254806,2019_07_24,Fully Leafed
e1cb4814-4a25-4980-b413-c27620019c7f,2018_07_24,Out of Leafs
e245daa2-567c-48e7-9619-6d2bf671a98f,2021_07_28,Fully Leafed
e245daa2-567c-48e7-9619-6d2bf671a98f,2023_11_27,Fully Leafed
e245daa2-567c-48e7-9619-6d2bf671a98f,2024_02_28,Fully Leafed
e25e4f17-57e3-4e6e-aa8d-5ba6b8ffa297,2023_08_08,Partially Leafed
e35fe388-2ed7-43b6-bea8-e6f0a8f899c9,2021_01_27,Out of Leafs
e35fe388-2ed7-43b6-bea8-e6f0a8f899c9,2021_10_27,Fully Leafed
e35fe388-2ed7-43b6-bea8-e6f0a8f899c9,2021_11_24,Fully Leafed
e35fe388-2ed7-43b6-bea8-e6f0a8f899c9,2024_01_03,Out of Leafs
e35fe388-2ed7-43b6-bea8-e6f0a8f899c9,2024_02_28,Fully Leafed
e6f7ceaf-e736-45cb-90fe-3224cdca1c1d,2021_01_27,Partially Leafed
e6f7ceaf-e736-45cb-90fe-3224cdca1c1d,2021_11_24,Partially Leafed
e6f7ceaf-e736-45cb-90fe-3224cdca1c1d,2021_12_28,Out of Leafs
e6f7ceaf-e736-45cb-90fe-3224cdca1c1d,2023_05_02,Out of Leafs
e6f7ceaf-e736-45cb-90fe-3224cdca1c1d,2023_05_23,Out of Leafs
e6f7ceaf-e736-45cb-90fe-3224cdca1c1d,2023_07_11,Partially Leafed
e6f7ceaf-e736-45cb-90fe-3224cdca1c1d,2023_10_31,Out of Leafs
e6f7ceaf-e736-45cb-90fe-3224cdca1c1d,2023_12_12,Out of Leafs
e6f7ceaf-e736-45cb-90fe-3224cdca1c1d,2024_01_03,Out of Leafs
e6f7ceaf-e736-45cb-90fe-3224cdca1c1d,2024_01_25,Out of Leafs
e6f7ceaf-e736-45cb-90fe-3224cdca1c1d,2024_02_01,Out of Leafs
e6f7ceaf-e736-45cb-90fe-3224cdca1c1d,2024_02_15,Out of Leafs
e6f7ceaf-e736-45cb-90fe-3224cdca1c1d,2024_03_06,Out of Leafs
e889e775-f9e8-49b0-bbe4-9f66b54dc7d0,2019_07_24,Fully Leafed
e889e775-f9e8-49b0-bbe4-9f66b54dc7d0,2021_07_28,Fully Leafed
e9087e8d-537c-4f46-a7f7-8ef5b6d6c2a6,2018_04_04,Out of Leafs
ea0fd6e4-ef4b-4378-a1d1-015b0f060437,2018_04_04,Out of Leafs
eade1d37-b060-426f-a951-fe78584e05ba,2020_02_27,Fully Leafed
ecc7ace8-815a-4276-9a19-897ed1ae4f65,2024_03_06,Out of Leafs
ee0f66cc-2abb-4fce-add4-8c442f4c380e,2023_06_21,Partially Leafed
ee0f66cc-2abb-4fce-add4-8c442f4c380e,2023_12_05,Partially Leafed
ee0f66cc-2abb-4fce-add4-8c442f4c380e,2024_01_09,Out of Leafs
eff53f13-567f-4f24-a122-5dbb673f6133,2021_09_29,Fully Leafed
eff53f13-567f-4f24-a122-5dbb673f6133,2024_02_15,Partially Leafed
f031a0ac-1fe2-412b-84a4-e624fc86797c,2018_04_04,Fully Leafed
f031a0ac-1fe2-412b-84a4-e624fc86797c,2019_01_28,Partially Leafed
f0a0dc1a-9ef2-42c0-a372-114b8c1a4049,2018_07_24,Out of Leafs
f0a0dc1a-9ef2-42c0-a372-114b8c1a4049,2020_08_01,Out of Leafs
f0a0dc1a-9ef2-42c0-a372-114b8c1a4049,2021_07_28,Out of Leafs
f151d9dc-7bd3-4195-85ac-ddc2130bd3cb,2023_01_30,Partially Leafed
f151d9dc-7bd3-4195-85ac-ddc2130bd3cb,2023_02_22,Out of Leafs
f1629f70-b315-42e8-af34-096eed9cc332,2023_11_27,Partially Leafed
f1ba3b3b-bec2-427f-ad7e-0910a012d157,2024_01_09,Out of Leafs
f40b162f-9e92-4de6-82e0-3d6ff2289866,2018_04_04,Fully Leafed
f40b162f-9e92-4de6-82e0-3d6ff2289866,2021_09_29,Fully Leafed
f40b162f-9e92-4de6-82e0-3d6ff2289866,2021_11_24,Fully Leafed
f40b162f-9e92-4de6-82e0-3d6ff2289866,2023_01_30,Fully Leafed
f40b162f-9e92-4de6-82e0-3d6ff2289866,2023_08_15,Partially Leafed
f40b162f-9e92-4de6-82e0-3d6ff2289866,2023_10_24,Fully Leafed
f40b162f-9e92-4de6-82e0-3d6ff2289866,2023_11_27,Fully Leafed
f40b162f-9e92-4de6-82e0-3d6ff2289866,2024_01_03,Fully Leafed
f40b162f-9e92-4de6-82e0-3d6ff2289866,2024_01_09,Fully Leafed
f4414e2c-8e53-4b73-a178-16b582a76a39,2018_04_25,Fully Leafed
f526e65c-3399-4403-8375-4ba1a74cb106,2018_07_24,Out of Leafs
f526e65c-3399-4403-8375-4ba1a74cb106,2021_07_28,Out of Leafs
f526e65c-3399-4403-8375-4ba1a74cb106,2023_05_23,Out of Leafs
f526e65c-3399-4403-8375-4ba1a74cb106,2023_06_21,Out of Leafs
f526e65c-3399-4403-8375-4ba1a74cb106,2023_07_11,Out of Leafs
f56642c0-fbfb-4427-a9e3-678129ec6957,2018_04_04,Partially Leafed
f56642c0-fbfb-4427-a9e3-678129ec6957,2020_08_01,Fully Leafed
f56642c0-fbfb-4427-a9e3-678129ec6957,2021_10_27,Fully Leafed
f56642c0-fbfb-4427-a9e3-678129ec6957,2024_02_28,Partially Leafed
f6a001af-e0e1-424b-9d59-257af22c954e,2018_08_27,Out of Leafs
f6a001af-e0e1-424b-9d59-257af22c954e,2018_11_26,Fully Leafed
f6a001af-e0e1-424b-9d59-257af22c954e,2019_10_17,Fully Leafed
f6a001af-e0e1-424b-9d59-257af22c954e,2021_01_27,Fully Leafed
f6a001af-e0e1-424b-9d59-257af22c954e,2021_10_27,Fully Leafed
f6a001af-e0e1-424b-9d59-257af22c954e,2021_12_28,Fully Leafed
f6a001af-e0e1-424b-9d59-257af22c954e,2022_06_29,Fully Leafed
f6a001af-e0e1-424b-9d59-257af22c954e,2023_06_21,Fully Leafed
f6a001af-e0e1-424b-9d59-257af22c954e,2023_07_11,Fully Leafed
f6a001af-e0e1-424b-9d59-257af22c954e,2023_08_08,Fully Leafed
f6a001af-e0e1-424b-9d59-257af22c954e,2023_11_14,Fully Leafed
f6a001af-e0e1-424b-9d59-257af22c954e,2023_12_05,Fully Leafed
f6a001af-e0e1-424b-9d59-257af22c954e,2023_12_12,Fully Leafed
f6a001af-e0e1-424b-9d59-257af22c954e,2024_01_03,Fully Leafed
f6a001af-e0e1-424b-9d59-257af22c954e,2024_01_09,Fully Leafed
f6a001af-e0e1-424b-9d59-257af22c954e,2024_02_21,Fully Leafed
f7c6ded2-e122-4fff-a338-3daae4043b26,2018_05_23,Partially Leafed
f8da92d4-a6e6-4afd-b65a-2767e23a29b1,2023_10_24,Fully Leafed
fa23842a-ea4a-4319-a455-9ddcc22bb3c3,2022_03_30,Out of Leafs
fa23842a-ea4a-4319-a455-9ddcc22bb3c3,2023_04_11,Out of Leafs
fa23842a-ea4a-4319-a455-9ddcc22bb3c3,2023_05_23,Fully Leafed
fa23842a-ea4a-4319-a455-9ddcc22bb3c3,2024_01_09,Out of Leafs
fa23842a-ea4a-4319-a455-9ddcc22bb3c3,2024_01_25,Partially Leafed
fa23842a-ea4a-4319-a455-9ddcc22bb3c3,2024_02_08,Out of Leafs
fa23842a-ea4a-4319-a455-9ddcc22bb3c3,2024_03_06,Out of Leafs
fb368d69-ce9f-45c9-8e63-66b146c793e1,2024_03_06,Fully Leafed
fb89f848-b35a-4902-9718-105d730221bb,2018_10_26,Partially Leafed
fb89f848-b35a-4902-9718-105d730221bb,2019_10_17,Partially Leafed
fb89f848-b35a-4902-9718-105d730221bb,2023_04_18,Out of Leafs
fbf33141-c336-47fa-b459-441fef8bea52,2020_08_01,Out of Leafs
fc0fdb29-e463-4918-a3e8-c707b64f0bcc,2021_01_27,Fully Leafed
fc0fdb29-e463-4918-a3e8-c707b64f0bcc,2021_11_24,Partially Leafed
fc0fdb29-e463-4918-a3e8-c707b64f0bcc,2023_10_31,Partially Leafed
fc0fdb29-e463-4918-a3e8-c707b64f0bcc,2023_12_05,Out of Leafs
fc0fdb29-e463-4918-a3e8-c707b64f0bcc,2024_01_03,Out of Leafs
fc0fdb29-e463-4918-a3e8-c707b64f0bcc,2024_01_17,Fully Leafed
fc37b86f-b048-4359-93ff-8e78b6b38712,2018_04_04,Out of Leafs
fc37b86f-b048-4359-93ff-8e78b6b38712,2019_01_28,Out of Leafs
fc37b86f-b048-4359-93ff-8e78b6b38712,2019_07_24,Fully Leafed
fc37b86f-b048-4359-93ff-8e78b6b38712,2020_02_27,Out of Leafs
fc37b86f-b048-4359-93ff-8e78b6b38712,2021_01_27,Out of Leafs
fc37b86f-b048-4359-93ff-8e78b6b38712,2021_03_25,Out of Leafs
fc37b86f-b048-4359-93ff-8e78b6b38712,2022_03_30,Out of Leafs
fc37b86f-b048-4359-93ff-8e78b6b38712,2023_01_30,Out of Leafs
fc37b86f-b048-4359-93ff-8e78b6b38712,2023_02_22,Out of Leafs
fc37b86f-b048-4359-93ff-8e78b6b38712,2023_04_11,Out of Leafs
fc37b86f-b048-4359-93ff-8e78b6b38712,2023_06_21,Fully Leafed
fc37b86f-b048-4359-93ff-8e78b6b38712,2023_08_15,Fully Leafed
fc37b86f-b048-4359-93ff-8e78b6b38712,2023_11_27,Fully Leafed
fc37b86f-b048-4359-93ff-8e78b6b38712,2023_12_05,Fully Leafed
fc37b86f-b048-4359-93ff-8e78b6b38712,2024_02_01,Out of Leafs
fc37b86f-b048-4359-93ff-8e78b6b38712,2024_02_08,Out of Leafs
fc37b86f-b048-4359-93ff-8e78b6b38712,2024_02_15,Out of Leafs
fc37b86f-b048-4359-93ff-8e78b6b38712,2024_02_21,Out of Leafs
fc37b86f-b048-4359-93ff-8e78b6b38712,2024_03_06,Out of Leafs
fc37b86f-b048-4359-93ff-8e78b6b38712,2024_03_18,Out of Leafs
fc641d4a-4e79-46c5-9b37-592ab13d31bf,2018_11_26,Fully Leafed
fc641d4a-4e79-46c5-9b37-592ab13d31bf,2020_06_15,Fully Leafed
fc641d4a-4e79-46c5-9b37-592ab13d31bf,2020_08_01,Fully Leafed
fc641d4a-4e79-46c5-9b37-592ab13d31bf,2021_03_25,Partially Leafed
fc641d4a-4e79-46c5-9b37-592ab13d31bf,2023_03_07,Partially Leafed
fc641d4a-4e79-46c5-9b37-592ab13d31bf,2023_04_11,Out of Leafs
fc641d4a-4e79-46c5-9b37-592ab13d31bf,2023_04_18,Out of Leafs
fc641d4a-4e79-46c5-9b37-592ab13d31bf,2023_05_02,Out of Leafs
fc641d4a-4e79-46c5-9b37-592ab13d31bf,2024_02_01,Out of Leafs
fc641d4a-4e79-46c5-9b37-592ab13d31bf,2024_02_21,Out of Leafs
fc641d4a-4e79-46c5-9b37-592ab13d31bf,2024_02_28,Partially Leafed
fc641d4a-4e79-46c5-9b37-592ab13d31bf,2024_03_06,Partially Leafed
fd10f41d-02a4-40b4-90bd-c506ad66acf5,2018_04_25,Fully Leafed
fd10f41d-02a4-40b4-90bd-c506ad66acf5,2021_10_27,Fully Leafed
fd10f41d-02a4-40b4-90bd-c506ad66acf5,2021_11_24,Fully Leafed
fd10f41d-02a4-40b4-90bd-c506ad66acf5,2023_05_23,Fully Leafed
fd10f41d-02a4-40b4-90bd-c506ad66acf5,2023_08_08,Fully Leafed
fd10f41d-02a4-40b4-90bd-c506ad66acf5,2023_12_05,Fully Leafed
fd10f41d-02a4-40b4-90bd-c506ad66acf5,2023_12_12,Fully Leafed
fd10f41d-02a4-40b4-90bd-c506ad66acf5,2024_02_21,Fully Leafed
fe79536f-a0ab-415b-8660-807cb81acfa5,2018_07_24,Out of Leafs
ff26abf5-32aa-4392-8733-c54a65022cd4,2018_04_04,Partially Leafed
ff26abf5-32aa-4392-8733-c54a65022cd4,2019_01_28,Out of Leafs
ff26abf5-32aa-4392-8733-c54a65022cd4,2019_02_25,Partially Leafed
ff26abf5-32aa-4392-8733-c54a65022cd4,2023_03_07,Partially Leafed
ff26abf5-32aa-4392-8733-c54a65022cd4,2023_10_24,Fully Leafed
ff26abf5-32aa-4392-8733-c54a65022cd4,2024_02_28,Partially Leafed
ff8c610a-a07d-485b-acbb-12d0c75c4fb0,2020_06_15,Fully Leafed
